step,mloss,gloss,loss
100.0,0.3801,1.06,1.4401000000000002
200.0,0.325,1.0356,1.3606
300.0,0.3161,1.0263,1.3424
400.0,0.3258,1.0229,1.3487
500.0,0.2943,1.0147,1.309
600.0,0.252,1.0088,1.2608
700.0,0.2095,0.9916,1.2011
800.0,0.1935,0.9814,1.1749
900.0,0.1778,0.973,1.1508
1000.0,0.18,0.9549,1.1349
1100.0,0.1473,0.921,1.0683
1200.0,0.1354,0.8968,1.0322
1300.0,0.1184,0.861,0.9794
1400.0,0.1097,0.8448,0.9545
1500.0,0.106,0.8144,0.9204
1600.0,0.1201,0.8231,0.9432
1700.0,0.105,0.7685,0.8734999999999999
1800.0,0.1004,0.727,0.8274
1900.0,0.1022,0.6882,0.7904
2000.0,0.1047,0.6365,0.7412
2100.0,0.0963,0.5812,0.6775
2200.0,0.0971,0.5424,0.6395
2300.0,0.0956,0.5145,0.6101
2400.0,0.0993,0.5092,0.6085
2500.0,0.0961,0.4767,0.5728
2600.0,0.0919,0.44,0.5319
2700.0,0.0952,0.4196,0.5147999999999999
2800.0,0.0947,0.4058,0.5005
2900.0,0.0939,0.4057,0.4996
3000.0,0.0911,0.3915,0.48260000000000003
3100.0,0.0945,0.3795,0.474
3200.0,0.0923,0.3578,0.4501
3300.0,0.0905,0.3381,0.4286
3400.0,0.0936,0.326,0.41960000000000003
3500.0,0.0919,0.3199,0.4118
3600.0,0.0904,0.3157,0.40609999999999996
3700.0,0.0916,0.3076,0.3992
3800.0,0.0899,0.2998,0.3897
3900.0,0.0921,0.2993,0.3914
4000.0,0.0874,0.2925,0.3799
4100.0,0.0888,0.2907,0.3795
4200.0,0.0916,0.2864,0.378
4300.0,0.0885,0.2832,0.37170000000000003
4400.0,0.0903,0.2822,0.3725
4500.0,0.089,0.2811,0.3701
4600.0,0.0911,0.2809,0.372
4700.0,0.0912,0.2755,0.3667
4800.0,0.088,0.2723,0.36029999999999995
4900.0,0.089,0.2725,0.36150000000000004
5000.0,0.0864,0.2676,0.354
5100.0,0.0854,0.2724,0.3578
5200.0,0.0924,0.275,0.3674
5300.0,0.0898,0.2681,0.3579
5400.0,0.0876,0.2677,0.3553
5500.0,0.0866,0.2677,0.3543
5600.0,0.0859,0.2673,0.35319999999999996
5700.0,0.086,0.2632,0.34919999999999995
5800.0,0.0853,0.2634,0.3487
5900.0,0.0853,0.2615,0.3468
6000.0,0.0875,0.2577,0.34519999999999995
6100.0,0.089,0.2602,0.34919999999999995
6200.0,0.088,0.2607,0.3487
6300.0,0.0856,0.2569,0.3425
6400.0,0.0873,0.2608,0.34809999999999997
6500.0,0.0815,0.2515,0.333
6600.0,0.0878,0.2533,0.3411
6700.0,0.0862,0.2567,0.3429
6800.0,0.0871,0.2522,0.3393
6900.0,0.0844,0.2573,0.3417
7000.0,0.0839,0.254,0.3379
7100.0,0.0858,0.2528,0.3386
7200.0,0.0886,0.2532,0.3418
7300.0,0.0843,0.2488,0.3331
7400.0,0.0839,0.2488,0.3327
7500.0,0.0883,0.2532,0.34149999999999997
7600.0,0.087,0.2523,0.33930000000000005
7700.0,0.0873,0.2488,0.3361
7800.0,0.0848,0.2479,0.3327
7900.0,0.0861,0.2458,0.3319
8000.0,0.0853,0.2467,0.332
8100.0,0.0837,0.2486,0.3323
8200.0,0.0862,0.2494,0.3356
8300.0,0.0868,0.251,0.3378
8400.0,0.0868,0.2445,0.3313
8500.0,0.0889,0.248,0.3369
8600.0,0.0865,0.2427,0.3292
8700.0,0.0849,0.2454,0.33030000000000004
8800.0,0.0882,0.2453,0.3335
8900.0,0.0851,0.2433,0.32839999999999997
9000.0,0.0826,0.2406,0.32320000000000004
9100.0,0.0851,0.2424,0.3275
9200.0,0.0843,0.2425,0.3268
9300.0,0.0817,0.2377,0.3194
9400.0,0.0881,0.2428,0.33089999999999997
9500.0,0.084,0.2386,0.3226
9600.0,0.0844,0.2408,0.3252
9700.0,0.083,0.2394,0.3224
9800.0,0.0818,0.2381,0.3199
9900.0,0.089,0.2377,0.3267
10000.0,0.0841,0.2379,0.322
10100.0,0.0841,0.2413,0.32539999999999997
10200.0,0.0822,0.2368,0.319
10300.0,0.0877,0.2455,0.3332
10400.0,0.0846,0.2355,0.3201
10500.0,0.0855,0.2376,0.3231
10600.0,0.0834,0.2379,0.32130000000000003
10700.0,0.0809,0.235,0.31589999999999996
10800.0,0.0834,0.2338,0.31720000000000004
10900.0,0.0842,0.235,0.3192
11000.0,0.0836,0.2362,0.3198
11100.0,0.0842,0.2349,0.3191
11200.0,0.086,0.2324,0.3184
11300.0,0.0832,0.2352,0.3184
11400.0,0.0847,0.2331,0.31779999999999997
11500.0,0.0869,0.2346,0.3215
11600.0,0.086,0.2351,0.3211
11700.0,0.0816,0.2318,0.3134
11800.0,0.0802,0.2325,0.3127
11900.0,0.0841,0.2317,0.31579999999999997
12000.0,0.0821,0.2322,0.3143
12100.0,0.0806,0.2319,0.3125
12200.0,0.0811,0.2288,0.3099
12300.0,0.081,0.2292,0.3102
12400.0,0.0841,0.2286,0.3127
12500.0,0.0827,0.2309,0.3136
12600.0,0.0828,0.2312,0.314
12700.0,0.0824,0.2303,0.3127
12800.0,0.0855,0.2288,0.3143
12900.0,0.0802,0.2262,0.3064
13000.0,0.0827,0.2316,0.3143
13100.0,0.0821,0.2269,0.309
13200.0,0.0857,0.2299,0.3156
13300.0,0.0849,0.2274,0.3123
13400.0,0.0845,0.2282,0.3127
13500.0,0.0831,0.2272,0.3103
13600.0,0.0842,0.2267,0.3109
13700.0,0.0822,0.2283,0.3105
13800.0,0.0826,0.2267,0.3093
13900.0,0.0824,0.2276,0.31
14000.0,0.0827,0.2279,0.3106
14100.0,0.084,0.2282,0.3122
14200.0,0.0841,0.2266,0.3107
14300.0,0.082,0.2244,0.3064
14400.0,0.0821,0.2246,0.3067
14500.0,0.0809,0.2225,0.3034
14600.0,0.0807,0.2254,0.3061
14700.0,0.0832,0.225,0.30820000000000003
14800.0,0.0826,0.2275,0.31010000000000004
14900.0,0.0823,0.2255,0.3078
15000.0,0.0831,0.2233,0.3064
15100.0,0.0826,0.2234,0.306
15200.0,0.0836,0.2239,0.3075
15300.0,0.0837,0.2221,0.30579999999999996
15400.0,0.083,0.2199,0.3029
15500.0,0.0811,0.2243,0.3054
15600.0,0.0829,0.2209,0.3038
15700.0,0.0839,0.2217,0.3056
15800.0,0.0845,0.2229,0.3074
15900.0,0.0813,0.2235,0.3048
16000.0,0.082,0.2239,0.3059
16100.0,0.0849,0.2203,0.3052
16200.0,0.0788,0.2197,0.2985
16300.0,0.0825,0.2209,0.3034
16400.0,0.0824,0.2236,0.306
16500.0,0.083,0.2201,0.3031
16600.0,0.081,0.2201,0.3011
16700.0,0.0837,0.2208,0.3045
16800.0,0.0799,0.2189,0.2988
16900.0,0.0813,0.2182,0.2995
17000.0,0.0821,0.2189,0.30100000000000005
17100.0,0.0786,0.2195,0.29810000000000003
17200.0,0.0834,0.2176,0.301
17300.0,0.0827,0.2198,0.3025
17400.0,0.0799,0.2195,0.2994
17500.0,0.0813,0.2197,0.301
17600.0,0.0786,0.2174,0.29600000000000004
17700.0,0.0829,0.2197,0.3026
17800.0,0.0818,0.2195,0.3013
17900.0,0.0839,0.2171,0.301
18000.0,0.0792,0.2176,0.2968
18100.0,0.0839,0.2172,0.30110000000000003
18200.0,0.0814,0.2161,0.2975
18300.0,0.0826,0.2175,0.30010000000000003
18400.0,0.0806,0.2158,0.2964
18500.0,0.0838,0.2157,0.2995
18600.0,0.0777,0.2154,0.2931
18700.0,0.0795,0.2147,0.2942
18800.0,0.0823,0.2198,0.3021
18900.0,0.0806,0.2144,0.29500000000000004
19000.0,0.0824,0.2153,0.29769999999999996
19100.0,0.0846,0.2178,0.3024
19200.0,0.0793,0.2159,0.2952
19300.0,0.0805,0.2141,0.29460000000000003
19400.0,0.0786,0.219,0.2976
19500.0,0.0803,0.2138,0.2941
19600.0,0.0817,0.2169,0.2986
19700.0,0.0816,0.2168,0.2984
19800.0,0.0789,0.2147,0.29359999999999997
19900.0,0.0808,0.2152,0.296
20000.0,0.0835,0.2182,0.3017
20100.0,0.0812,0.2158,0.297
20200.0,0.0786,0.2112,0.2898
20300.0,0.0763,0.2123,0.28859999999999997
20400.0,0.0787,0.2139,0.2926
20500.0,0.0808,0.2139,0.2947
20600.0,0.0803,0.2135,0.2938
20700.0,0.0809,0.2124,0.2933
20800.0,0.0811,0.2121,0.2932
20900.0,0.0802,0.2122,0.2924
21000.0,0.0816,0.2125,0.29410000000000003
21100.0,0.0793,0.2122,0.2915
21200.0,0.0799,0.2086,0.2885
21300.0,0.0816,0.2134,0.29500000000000004
21400.0,0.0795,0.2127,0.2922
21500.0,0.0815,0.2124,0.2939
21600.0,0.0816,0.2132,0.2948
21700.0,0.079,0.2109,0.2899
21800.0,0.0786,0.2129,0.2915
21900.0,0.0831,0.2128,0.2959
22000.0,0.0793,0.2151,0.2944
22100.0,0.0811,0.209,0.2901
22200.0,0.0792,0.2109,0.2901
22300.0,0.0808,0.2101,0.2909
22400.0,0.0811,0.2078,0.28890000000000005
22500.0,0.0781,0.2101,0.2882
22600.0,0.0829,0.2134,0.2963
22700.0,0.0775,0.2081,0.2856
22800.0,0.0809,0.2099,0.2908
22900.0,0.0807,0.2093,0.29000000000000004
23000.0,0.082,0.2099,0.2919
23100.0,0.0789,0.2088,0.2877
23200.0,0.0797,0.2102,0.2899
23300.0,0.0823,0.2102,0.2925
23400.0,0.0772,0.2058,0.28300000000000003
23500.0,0.0807,0.2101,0.2908
23600.0,0.0811,0.2101,0.2912
23700.0,0.0808,0.2102,0.291
23800.0,0.0784,0.207,0.2854
23900.0,0.0814,0.2084,0.2898
24000.0,0.079,0.2073,0.2863
24100.0,0.0799,0.2095,0.2894
24200.0,0.0796,0.2116,0.2912
24300.0,0.0795,0.2054,0.2849
24400.0,0.082,0.2063,0.2883
24500.0,0.0792,0.2076,0.2868
24600.0,0.0798,0.2069,0.2867
24700.0,0.0824,0.2086,0.29100000000000004
24800.0,0.078,0.2084,0.2864
24900.0,0.0782,0.2062,0.2844
25000.0,0.079,0.2051,0.2841
25100.0,0.0822,0.2058,0.28800000000000003
25200.0,0.0796,0.2061,0.2857
25300.0,0.0794,0.2055,0.2849
25400.0,0.081,0.2075,0.2885
25500.0,0.0815,0.2057,0.2872
25600.0,0.0791,0.2048,0.28390000000000004
25700.0,0.079,0.2069,0.2859
25800.0,0.079,0.2067,0.2857
25900.0,0.0795,0.2068,0.2863
26000.0,0.0784,0.2065,0.2849
26100.0,0.0809,0.2065,0.2874
26200.0,0.0799,0.2048,0.2847
26300.0,0.079,0.205,0.284
26400.0,0.0783,0.2034,0.2817
26500.0,0.0783,0.2039,0.2822
26600.0,0.0769,0.2026,0.27949999999999997
26700.0,0.0776,0.2019,0.27949999999999997
26800.0,0.0764,0.2028,0.2792
26900.0,0.0784,0.2027,0.2811
27000.0,0.0824,0.2056,0.28800000000000003
27100.0,0.0831,0.2033,0.2864
27200.0,0.0804,0.2069,0.2873
27300.0,0.0797,0.2055,0.2852
27400.0,0.0816,0.2053,0.28690000000000004
27500.0,0.0796,0.2017,0.2813
27600.0,0.0771,0.2034,0.28049999999999997
27700.0,0.0784,0.2018,0.2802
27800.0,0.0792,0.204,0.2832
27900.0,0.0797,0.2031,0.2828
28000.0,0.0748,0.2038,0.2786
28100.0,0.0806,0.2046,0.2852
28200.0,0.0771,0.2024,0.27949999999999997
28300.0,0.0815,0.2057,0.2872
28400.0,0.0811,0.2045,0.28559999999999997
28500.0,0.0779,0.2056,0.2835
28600.0,0.0772,0.2001,0.2773
28700.0,0.0785,0.1997,0.2782
28800.0,0.0769,0.2032,0.2801
28900.0,0.0772,0.201,0.2782
29000.0,0.0804,0.2035,0.2839
29100.0,0.0788,0.2022,0.28099999999999997
29200.0,0.0774,0.201,0.2784
29300.0,0.0756,0.2013,0.27690000000000003
29400.0,0.0779,0.1993,0.2772
29500.0,0.0767,0.2012,0.2779
29600.0,0.0795,0.2009,0.2804
29700.0,0.0813,0.1998,0.2811
29800.0,0.0782,0.2006,0.2788
29900.0,0.081,0.2012,0.2822
30000.0,0.0782,0.2027,0.2809
