frame_number,delta_time,packet_length,packet_direction,header_form,count_initial,count_0rtt,count_handshake,count_1rtt,count_retry,count_vn,count_ack,count_padding,count_connection_close,count_path_challenge,count_path_response,count_new_connection_id,count_retire_cid,count_crypto,count_handshake_done,http3_stream_count,http3_fin_count,stream_length,stream_type_count,capture_id
1,0.0,1248,0,0,0,0,0,1,0,0,0,0,0,0,0,0,0,0,0,0,0,0,0,1
2,0.000213,95,1,0,0,0,0,1,0,1,0,0,0,0,0,0,0,0,0,0,0,0,0,1
3,0.00087,1248,0,1,1,0,0,0,0,0,0,0,0,0,0,0,0,1,0,0,0,0,0,1
4,9.8e-05,137,1,1,0,0,0,0,1,0,0,0,0,0,0,0,0,0,0,0,0,0,0,1
5,0.000334,1248,0,1,1,0,0,0,0,0,0,0,0,0,0,0,0,1,0,0,0,0,0,1
6,0.001471,1248,1,1,1,0,1,0,0,0,1,0,0,0,0,0,0,2,0,0,0,0,0,1
7,6.6e-05,517,1,1,0,0,1,0,0,0,0,0,0,0,0,0,0,1,0,0,0,0,0,1
8,0.003526,1398,0,1,1,0,1,1,0,0,2,1,0,0,0,1,0,1,0,0,0,0,0,1
9,0.000483,556,1,0,0,0,0,1,0,0,1,0,0,0,0,1,0,1,1,1,0,19,1,1
10,5.8e-05,92,1,0,0,0,0,1,0,0,0,0,0,0,0,0,0,0,0,1,0,1,1,1
11,2.2e-05,92,1,0,0,0,0,1,0,0,0,0,0,0,0,0,0,0,0,1,0,1,1,1
12,2.1e-05,117,1,0,0,0,0,1,0,0,0,0,0,0,0,0,0,0,0,1,1,26,1,1
13,0.00047,91,0,0,0,0,0,1,0,0,1,0,0,0,0,0,0,0,0,0,0,0,0,1
14,0.000162,1398,0,0,0,0,0,1,0,0,0,1,0,1,0,0,0,0,0,0,0,0,0,1
15,0.000474,1441,1,0,0,0,0,1,0,0,0,0,0,0,0,0,0,0,0,0,0,0,0,1
16,0.000272,100,0,0,0,0,0,1,0,0,1,0,0,0,1,0,0,0,0,0,0,0,0,1
17,0.000274,91,1,0,0,0,0,1,0,0,1,0,0,0,0,0,0,0,0,0,0,0,0,1
18,0.000304,110,0,0,0,0,0,1,0,0,0,0,0,0,0,0,0,0,0,1,0,19,1,1
19,4.4e-05,92,0,0,0,0,0,1,0,0,0,0,0,0,0,0,0,0,0,1,0,1,1,1
20,1.6e-05,92,0,0,0,0,0,1,0,0,0,0,0,0,0,0,0,0,0,1,0,1,1,1
21,1.3e-05,163,0,0,0,0,0,1,0,0,0,0,0,0,0,0,0,0,0,1,1,72,1,1
22,1.7e-05,117,0,0,0,0,0,1,0,0,0,0,0,0,0,0,0,0,0,1,1,26,1,1
23,0.001582,211,1,0,0,0,0,1,0,0,1,0,0,0,0,0,0,0,0,1,1,115,1,1
24,0.000343,97,0,0,0,0,0,1,0,0,0,0,1,0,0,0,0,0,0,0,0,0,0,1
1,0.0,1248,0,0,0,0,0,1,0,0,0,0,0,0,0,0,0,0,0,0,0,0,0,10
2,0.000234,95,1,0,0,0,0,1,0,1,0,0,0,0,0,0,0,0,0,0,0,0,0,10
3,0.000414,1248,0,1,1,0,0,0,0,0,0,0,0,0,0,0,0,1,0,0,0,0,0,10
4,0.000174,137,1,1,0,0,0,0,1,0,0,0,0,0,0,0,0,0,0,0,0,0,0,10
5,0.000297,1248,0,1,1,0,0,0,0,0,0,0,0,0,0,0,0,1,0,0,0,0,0,10
6,0.001363,1248,1,1,1,0,1,0,0,0,1,0,0,0,0,0,0,2,0,0,0,0,0,10
7,5.4e-05,517,1,1,0,0,1,0,0,0,0,0,0,0,0,0,0,1,0,0,0,0,0,10
8,0.003622,1398,0,1,1,0,1,1,0,0,2,1,0,0,0,1,0,1,0,0,0,0,0,10
9,0.00052,556,1,0,0,0,0,1,0,0,1,0,0,0,0,1,0,1,1,1,0,19,1,10
10,5.5e-05,92,1,0,0,0,0,1,0,0,0,0,0,0,0,0,0,0,0,1,0,1,1,10
11,2.1e-05,92,1,0,0,0,0,1,0,0,0,0,0,0,0,0,0,0,0,1,0,1,1,10
12,1.7e-05,117,1,0,0,0,0,1,0,0,0,0,0,0,0,0,0,0,0,1,1,26,1,10
13,0.000543,91,0,0,0,0,0,1,0,0,1,0,0,0,0,0,0,0,0,0,0,0,0,10
14,0.000233,1398,0,0,0,0,0,1,0,0,0,1,0,1,0,0,0,0,0,0,0,0,0,10
15,0.000655,1441,1,0,0,0,0,1,0,0,0,0,0,0,0,0,0,0,0,0,0,0,0,10
16,0.000304,100,0,0,0,0,0,1,0,0,1,0,0,0,1,0,0,0,0,0,0,0,0,10
17,0.000152,91,1,0,0,0,0,1,0,0,1,0,0,0,0,0,0,0,0,0,0,0,0,10
18,0.000321,110,0,0,0,0,0,1,0,0,0,0,0,0,0,0,0,0,0,1,0,19,1,10
19,4.7e-05,92,0,0,0,0,0,1,0,0,0,0,0,0,0,0,0,0,0,1,0,1,1,10
20,1.4e-05,92,0,0,0,0,0,1,0,0,0,0,0,0,0,0,0,0,0,1,0,1,1,10
21,1.4e-05,163,0,0,0,0,0,1,0,0,0,0,0,0,0,0,0,0,0,1,1,72,1,10
22,1.6e-05,117,0,0,0,0,0,1,0,0,0,0,0,0,0,0,0,0,0,1,1,26,1,10
23,0.000428,211,1,0,0,0,0,1,0,0,1,0,0,0,0,0,0,0,0,1,1,115,1,10
24,0.000277,97,0,0,0,0,0,1,0,0,0,0,1,0,0,0,0,0,0,0,0,0,0,10
1,0.0,1248,0,0,0,0,0,1,0,0,0,0,0,0,0,0,0,0,0,0,0,0,0,11
2,0.000211,95,1,0,0,0,0,1,0,1,0,0,0,0,0,0,0,0,0,0,0,0,0,11
3,0.000378,1248,0,1,1,0,0,0,0,0,0,0,0,0,0,0,0,1,0,0,0,0,0,11
4,0.000111,137,1,1,0,0,0,0,1,0,0,0,0,0,0,0,0,0,0,0,0,0,0,11
5,0.000341,1248,0,1,1,0,0,0,0,0,0,0,0,0,0,0,0,1,0,0,0,0,0,11
6,0.001362,1248,1,1,1,0,1,0,0,0,1,0,0,0,0,0,0,2,0,0,0,0,0,11
7,5.5e-05,517,1,1,0,0,1,0,0,0,0,0,0,0,0,0,0,1,0,0,0,0,0,11
8,0.00365,1398,0,1,1,0,1,1,0,0,2,1,0,0,0,1,0,1,0,0,0,0,0,11
9,0.00054,556,1,0,0,0,0,1,0,0,1,0,0,0,0,1,0,1,1,1,0,19,1,11
10,9.6e-05,92,1,0,0,0,0,1,0,0,0,0,0,0,0,0,0,0,0,1,0,1,1,11
11,2.2e-05,92,1,0,0,0,0,1,0,0,0,0,0,0,0,0,0,0,0,1,0,1,1,11
12,2e-05,117,1,0,0,0,0,1,0,0,0,0,0,0,0,0,0,0,0,1,1,26,1,11
13,0.000244,91,0,0,0,0,0,1,0,0,1,0,0,0,0,0,0,0,0,0,0,0,0,11
14,0.000107,1398,0,0,0,0,0,1,0,0,0,1,0,1,0,0,0,0,0,0,0,0,0,11
15,0.000225,1441,1,0,0,0,0,1,0,0,0,0,0,0,0,0,0,0,0,0,0,0,0,11
16,0.000238,100,0,0,0,0,0,1,0,0,1,0,0,0,1,0,0,0,0,0,0,0,0,11
17,0.000192,91,1,0,0,0,0,1,0,0,1,0,0,0,0,0,0,0,0,0,0,0,0,11
18,0.000326,110,0,0,0,0,0,1,0,0,0,0,0,0,0,0,0,0,0,1,0,19,1,11
19,4.8e-05,92,0,0,0,0,0,1,0,0,0,0,0,0,0,0,0,0,0,1,0,1,1,11
20,1.5e-05,92,0,0,0,0,0,1,0,0,0,0,0,0,0,0,0,0,0,1,0,1,1,11
21,1.4e-05,163,0,0,0,0,0,1,0,0,0,0,0,0,0,0,0,0,0,1,1,72,1,11
22,1.8e-05,117,0,0,0,0,0,1,0,0,0,0,0,0,0,0,0,0,0,1,1,26,1,11
23,0.000408,211,1,0,0,0,0,1,0,0,1,0,0,0,0,0,0,0,0,1,1,115,1,11
24,0.000282,97,0,0,0,0,0,1,0,0,0,0,1,0,0,0,0,0,0,0,0,0,0,11
1,0.0,1248,0,0,0,0,0,1,0,0,0,0,0,0,0,0,0,0,0,0,0,0,0,12
2,0.000142,95,1,0,0,0,0,1,0,1,0,0,0,0,0,0,0,0,0,0,0,0,0,12
3,0.000447,1248,0,1,1,0,0,0,0,0,0,0,0,0,0,0,0,1,0,0,0,0,0,12
4,0.000241,137,1,1,0,0,0,0,1,0,0,0,0,0,0,0,0,0,0,0,0,0,0,12
5,0.000342,1248,0,1,1,0,0,0,0,0,0,0,0,0,0,0,0,1,0,0,0,0,0,12
6,0.001362,1248,1,1,1,0,1,0,0,0,1,0,0,0,0,0,0,2,0,0,0,0,0,12
7,5.5e-05,517,1,1,0,0,1,0,0,0,0,0,0,0,0,0,0,1,0,0,0,0,0,12
8,0.00278,1398,0,1,1,0,1,1,0,0,2,1,0,0,0,1,0,1,0,0,0,0,0,12
9,0.00049,556,1,0,0,0,0,1,0,0,1,0,0,0,0,1,0,1,1,1,0,19,1,12
10,5.6e-05,92,1,0,0,0,0,1,0,0,0,0,0,0,0,0,0,0,0,1,0,1,1,12
11,2e-05,92,1,0,0,0,0,1,0,0,0,0,0,0,0,0,0,0,0,1,0,1,1,12
12,1.9e-05,117,1,0,0,0,0,1,0,0,0,0,0,0,0,0,0,0,0,1,1,26,1,12
13,0.000139,91,0,0,0,0,0,1,0,0,1,0,0,0,0,0,0,0,0,0,0,0,0,12
14,0.000113,1398,0,0,0,0,0,1,0,0,0,1,0,1,0,0,0,0,0,0,0,0,0,12
15,0.00021,1441,1,0,0,0,0,1,0,0,0,0,0,0,0,0,0,0,0,0,0,0,0,12
16,0.000229,100,0,0,0,0,0,1,0,0,1,0,0,0,1,0,0,0,0,0,0,0,0,12
17,0.000149,91,1,0,0,0,0,1,0,0,1,0,0,0,0,0,0,0,0,0,0,0,0,12
18,0.000323,110,0,0,0,0,0,1,0,0,0,0,0,0,0,0,0,0,0,1,0,19,1,12
19,4.8e-05,92,0,0,0,0,0,1,0,0,0,0,0,0,0,0,0,0,0,1,0,1,1,12
20,1.6e-05,92,0,0,0,0,0,1,0,0,0,0,0,0,0,0,0,0,0,1,0,1,1,12
21,1.4e-05,163,0,0,0,0,0,1,0,0,0,0,0,0,0,0,0,0,0,1,1,72,1,12
22,1.7e-05,117,0,0,0,0,0,1,0,0,0,0,0,0,0,0,0,0,0,1,1,26,1,12
23,0.000388,211,1,0,0,0,0,1,0,0,1,0,0,0,0,0,0,0,0,1,1,115,1,12
24,0.000298,97,0,0,0,0,0,1,0,0,0,0,1,0,0,0,0,0,0,0,0,0,0,12
1,0.0,1248,0,0,0,0,0,1,0,0,0,0,0,0,0,0,0,0,0,0,0,0,0,13
2,0.000236,95,1,0,0,0,0,1,0,1,0,0,0,0,0,0,0,0,0,0,0,0,0,13
3,0.000405,1248,0,1,1,0,0,0,0,0,0,0,0,0,0,0,0,1,0,0,0,0,0,13
4,0.000178,137,1,1,0,0,0,0,1,0,0,0,0,0,0,0,0,0,0,0,0,0,0,13
5,0.000299,1248,0,1,1,0,0,0,0,0,0,0,0,0,0,0,0,1,0,0,0,0,0,13
6,0.001454,1248,1,1,1,0,1,0,0,0,1,0,0,0,0,0,0,2,0,0,0,0,0,13
7,4.9e-05,517,1,1,0,0,1,0,0,0,0,0,0,0,0,0,0,1,0,0,0,0,0,13
8,0.003645,1398,0,1,1,0,1,1,0,0,2,1,0,0,0,1,0,1,0,0,0,0,0,13
9,0.00098,556,1,0,0,0,0,1,0,0,1,0,0,0,0,1,0,1,1,1,0,19,1,13
10,0.000102,92,1,0,0,0,0,1,0,0,0,0,0,0,0,0,0,0,0,1,0,1,1,13
11,2.4e-05,92,1,0,0,0,0,1,0,0,0,0,0,0,0,0,0,0,0,1,0,1,1,13
12,2.1e-05,117,1,0,0,0,0,1,0,0,0,0,0,0,0,0,0,0,0,1,1,26,1,13
13,0.000438,91,0,0,0,0,0,1,0,0,1,0,0,0,0,0,0,0,0,0,0,0,0,13
14,0.000125,1398,0,0,0,0,0,1,0,0,0,1,0,1,0,0,0,0,0,0,0,0,0,13
15,0.000269,1441,1,0,0,0,0,1,0,0,0,0,0,0,0,0,0,0,0,0,0,0,0,13
16,0.000231,100,0,0,0,0,0,1,0,0,1,0,0,0,1,0,0,0,0,0,0,0,0,13
17,0.000168,91,1,0,0,0,0,1,0,0,1,0,0,0,0,0,0,0,0,0,0,0,0,13
18,0.000362,110,0,0,0,0,0,1,0,0,0,0,0,0,0,0,0,0,0,1,0,19,1,13
19,5.3e-05,92,0,0,0,0,0,1,0,0,0,0,0,0,0,0,0,0,0,1,0,1,1,13
20,1.7e-05,92,0,0,0,0,0,1,0,0,0,0,0,0,0,0,0,0,0,1,0,1,1,13
21,1.7e-05,163,0,0,0,0,0,1,0,0,0,0,0,0,0,0,0,0,0,1,1,72,1,13
22,1.9e-05,117,0,0,0,0,0,1,0,0,0,0,0,0,0,0,0,0,0,1,1,26,1,13
23,0.00043,211,1,0,0,0,0,1,0,0,1,0,0,0,0,0,0,0,0,1,1,115,1,13
24,0.000314,97,0,0,0,0,0,1,0,0,0,0,1,0,0,0,0,0,0,0,0,0,0,13
1,0.0,1248,0,0,0,0,0,1,0,0,0,0,0,0,0,0,0,0,0,0,0,0,0,14
2,0.000232,95,1,0,0,0,0,1,0,1,0,0,0,0,0,0,0,0,0,0,0,0,0,14
3,0.000422,1248,0,1,1,0,0,0,0,0,0,0,0,0,0,0,0,1,0,0,0,0,0,14
4,0.000137,137,1,1,0,0,0,0,1,0,0,0,0,0,0,0,0,0,0,0,0,0,0,14
5,0.000293,1248,0,1,1,0,0,0,0,0,0,0,0,0,0,0,0,1,0,0,0,0,0,14
6,0.001423,1248,1,1,1,0,1,0,0,0,1,0,0,0,0,0,0,2,0,0,0,0,0,14
7,4.8e-05,517,1,1,0,0,1,0,0,0,0,0,0,0,0,0,0,1,0,0,0,0,0,14
8,0.003105,1398,0,1,1,0,1,1,0,0,2,1,0,0,0,1,0,1,0,0,0,0,0,14
9,0.000644,556,1,0,0,0,0,1,0,0,1,0,0,0,0,1,0,1,1,1,0,19,1,14
10,5.8e-05,92,1,0,0,0,0,1,0,0,0,0,0,0,0,0,0,0,0,1,0,1,1,14
11,1.9e-05,92,1,0,0,0,0,1,0,0,0,0,0,0,0,0,0,0,0,1,0,1,1,14
12,1.8e-05,117,1,0,0,0,0,1,0,0,0,0,0,0,0,0,0,0,0,1,1,26,1,14
13,0.000215,91,0,0,0,0,0,1,0,0,1,0,0,0,0,0,0,0,0,0,0,0,0,14
14,9.6e-05,1398,0,0,0,0,0,1,0,0,0,1,0,1,0,0,0,0,0,0,0,0,0,14
15,0.000263,1441,1,0,0,0,0,1,0,0,0,0,0,0,0,0,0,0,0,0,0,0,0,14
16,0.000234,100,0,0,0,0,0,1,0,0,1,0,0,0,1,0,0,0,0,0,0,0,0,14
17,0.000153,91,1,0,0,0,0,1,0,0,1,0,0,0,0,0,0,0,0,0,0,0,0,14
18,0.000315,110,0,0,0,0,0,1,0,0,0,0,0,0,0,0,0,0,0,1,0,19,1,14
19,4.7e-05,92,0,0,0,0,0,1,0,0,0,0,0,0,0,0,0,0,0,1,0,1,1,14
20,1.5e-05,92,0,0,0,0,0,1,0,0,0,0,0,0,0,0,0,0,0,1,0,1,1,14
21,1.4e-05,163,0,0,0,0,0,1,0,0,0,0,0,0,0,0,0,0,0,1,1,72,1,14
22,1.6e-05,117,0,0,0,0,0,1,0,0,0,0,0,0,0,0,0,0,0,1,1,26,1,14
23,0.000447,211,1,0,0,0,0,1,0,0,1,0,0,0,0,0,0,0,0,1,1,115,1,14
24,0.000288,97,0,0,0,0,0,1,0,0,0,0,1,0,0,0,0,0,0,0,0,0,0,14
1,0.0,1248,0,0,0,0,0,1,0,0,0,0,0,0,0,0,0,0,0,0,0,0,0,15
2,0.000176,95,1,0,0,0,0,1,0,1,0,0,0,0,0,0,0,0,0,0,0,0,0,15
3,0.000327,1248,0,1,1,0,0,0,0,0,0,0,0,0,0,0,0,1,0,0,0,0,0,15
4,0.000177,137,1,1,0,0,0,0,1,0,0,0,0,0,0,0,0,0,0,0,0,0,0,15
5,0.000252,1248,0,1,1,0,0,0,0,0,0,0,0,0,0,0,0,1,0,0,0,0,0,15
6,0.001466,1248,1,1,1,0,1,0,0,0,1,0,0,0,0,0,0,2,0,0,0,0,0,15
7,5.5e-05,517,1,1,0,0,1,0,0,0,0,0,0,0,0,0,0,1,0,0,0,0,0,15
8,0.003279,1398,0,1,1,0,1,1,0,0,2,1,0,0,0,1,0,1,0,0,0,0,0,15
9,0.000527,556,1,0,0,0,0,1,0,0,1,0,0,0,0,1,0,1,1,1,0,19,1,15
10,6.6e-05,92,1,0,0,0,0,1,0,0,0,0,0,0,0,0,0,0,0,1,0,1,1,15
11,2e-05,92,1,0,0,0,0,1,0,0,0,0,0,0,0,0,0,0,0,1,0,1,1,15
12,1.8e-05,117,1,0,0,0,0,1,0,0,0,0,0,0,0,0,0,0,0,1,1,26,1,15
13,0.000133,91,0,0,0,0,0,1,0,0,1,0,0,0,0,0,0,0,0,0,0,0,0,15
14,9.2e-05,1398,0,0,0,0,0,1,0,0,0,1,0,1,0,0,0,0,0,0,0,0,0,15
15,0.000207,1441,1,0,0,0,0,1,0,0,0,0,0,0,0,0,0,0,0,0,0,0,0,15
16,0.000155,100,0,0,0,0,0,1,0,0,1,0,0,0,1,0,0,0,0,0,0,0,0,15
17,0.000157,91,1,0,0,0,0,1,0,0,1,0,0,0,0,0,0,0,0,0,0,0,0,15
18,0.000258,110,0,0,0,0,0,1,0,0,0,0,0,0,0,0,0,0,0,1,0,19,1,15
19,4.2e-05,92,0,0,0,0,0,1,0,0,0,0,0,0,0,0,0,0,0,1,0,1,1,15
20,1.5e-05,92,0,0,0,0,0,1,0,0,0,0,0,0,0,0,0,0,0,1,0,1,1,15
21,1.4e-05,163,0,0,0,0,0,1,0,0,0,0,0,0,0,0,0,0,0,1,1,72,1,15
22,1.8e-05,117,0,0,0,0,0,1,0,0,0,0,0,0,0,0,0,0,0,1,1,26,1,15
23,0.000373,211,1,0,0,0,0,1,0,0,1,0,0,0,0,0,0,0,0,1,1,115,1,15
24,0.000204,97,0,0,0,0,0,1,0,0,0,0,1,0,0,0,0,0,0,0,0,0,0,15
1,0.0,1248,0,0,0,0,0,1,0,0,0,0,0,0,0,0,0,0,0,0,0,0,0,16
2,0.000239,95,1,0,0,0,0,1,0,1,0,0,0,0,0,0,0,0,0,0,0,0,0,16
3,0.000376,1248,0,1,1,0,0,0,0,0,0,0,0,0,0,0,0,1,0,0,0,0,0,16
4,0.000199,137,1,1,0,0,0,0,1,0,0,0,0,0,0,0,0,0,0,0,0,0,0,16
5,0.000367,1248,0,1,1,0,0,0,0,0,0,0,0,0,0,0,0,1,0,0,0,0,0,16
6,0.002281,1248,1,1,1,0,1,0,0,0,1,0,0,0,0,0,0,2,0,0,0,0,0,16
7,7.4e-05,517,1,1,0,0,1,0,0,0,0,0,0,0,0,0,0,1,0,0,0,0,0,16
8,0.003911,1398,0,1,1,0,1,1,0,0,2,1,0,0,0,1,0,1,0,0,0,0,0,16
9,0.001273,556,1,0,0,0,0,1,0,0,1,0,0,0,0,1,0,1,1,1,0,19,1,16
10,0.000148,92,1,0,0,0,0,1,0,0,0,0,0,0,0,0,0,0,0,1,0,1,1,16
11,3.7e-05,92,1,0,0,0,0,1,0,0,0,0,0,0,0,0,0,0,0,1,0,1,1,16
12,2.9e-05,117,1,0,0,0,0,1,0,0,0,0,0,0,0,0,0,0,0,1,1,26,1,16
13,0.00063,91,0,0,0,0,0,1,0,0,1,0,0,0,0,0,0,0,0,0,0,0,0,16
14,0.000161,1398,0,0,0,0,0,1,0,0,0,1,0,1,0,0,0,0,0,0,0,0,0,16
15,0.000448,1441,1,0,0,0,0,1,0,0,0,0,0,0,0,0,0,0,0,0,0,0,0,16
16,0.000405,100,0,0,0,0,0,1,0,0,1,0,0,0,1,0,0,0,0,0,0,0,0,16
17,0.000164,91,1,0,0,0,0,1,0,0,1,0,0,0,0,0,0,0,0,0,0,0,0,16
18,0.000351,110,0,0,0,0,0,1,0,0,0,0,0,0,0,0,0,0,0,1,0,19,1,16
19,5.1e-05,92,0,0,0,0,0,1,0,0,0,0,0,0,0,0,0,0,0,1,0,1,1,16
20,1.6e-05,92,0,0,0,0,0,1,0,0,0,0,0,0,0,0,0,0,0,1,0,1,1,16
21,1.6e-05,163,0,0,0,0,0,1,0,0,0,0,0,0,0,0,0,0,0,1,1,72,1,16
22,1.8e-05,117,0,0,0,0,0,1,0,0,0,0,0,0,0,0,0,0,0,1,1,26,1,16
23,0.000413,211,1,0,0,0,0,1,0,0,1,0,0,0,0,0,0,0,0,1,1,115,1,16
24,0.000387,97,0,0,0,0,0,1,0,0,0,0,1,0,0,0,0,0,0,0,0,0,0,16
1,0.0,1248,0,0,0,0,0,1,0,0,0,0,0,0,0,0,0,0,0,0,0,0,0,17
2,0.000311,95,1,0,0,0,0,1,0,1,0,0,0,0,0,0,0,0,0,0,0,0,0,17
3,0.000442,1248,0,1,1,0,0,0,0,0,0,0,0,0,0,0,0,1,0,0,0,0,0,17
4,0.000176,137,1,1,0,0,0,0,1,0,0,0,0,0,0,0,0,0,0,0,0,0,0,17
5,0.000293,1248,0,1,1,0,0,0,0,0,0,0,0,0,0,0,0,1,0,0,0,0,0,17
6,0.001548,1248,1,1,1,0,1,0,0,0,1,0,0,0,0,0,0,2,0,0,0,0,0,17
7,7.4e-05,517,1,1,0,0,1,0,0,0,0,0,0,0,0,0,0,1,0,0,0,0,0,17
8,0.003011,1398,0,1,1,0,1,1,0,0,2,1,0,0,0,1,0,1,0,0,0,0,0,17
9,0.000594,556,1,0,0,0,0,1,0,0,1,0,0,0,0,1,0,1,1,1,0,19,1,17
10,5.5e-05,92,1,0,0,0,0,1,0,0,0,0,0,0,0,0,0,0,0,1,0,1,1,17
11,1.9e-05,92,1,0,0,0,0,1,0,0,0,0,0,0,0,0,0,0,0,1,0,1,1,17
12,1.8e-05,117,1,0,0,0,0,1,0,0,0,0,0,0,0,0,0,0,0,1,1,26,1,17
13,0.000241,91,0,0,0,0,0,1,0,0,1,0,0,0,0,0,0,0,0,0,0,0,0,17
14,9.8e-05,1398,0,0,0,0,0,1,0,0,0,1,0,1,0,0,0,0,0,0,0,0,0,17
15,0.000217,1441,1,0,0,0,0,1,0,0,0,0,0,0,0,0,0,0,0,0,0,0,0,17
16,0.00022,100,0,0,0,0,0,1,0,0,1,0,0,0,1,0,0,0,0,0,0,0,0,17
17,0.000175,91,1,0,0,0,0,1,0,0,1,0,0,0,0,0,0,0,0,0,0,0,0,17
18,0.000316,110,0,0,0,0,0,1,0,0,0,0,0,0,0,0,0,0,0,1,0,19,1,17
19,4.8e-05,92,0,0,0,0,0,1,0,0,0,0,0,0,0,0,0,0,0,1,0,1,1,17
20,1.6e-05,92,0,0,0,0,0,1,0,0,0,0,0,0,0,0,0,0,0,1,0,1,1,17
21,1.3e-05,163,0,0,0,0,0,1,0,0,0,0,0,0,0,0,0,0,0,1,1,72,1,17
22,1.7e-05,117,0,0,0,0,0,1,0,0,0,0,0,0,0,0,0,0,0,1,1,26,1,17
23,0.000492,211,1,0,0,0,0,1,0,0,1,0,0,0,0,0,0,0,0,1,1,115,1,17
24,0.000356,97,0,0,0,0,0,1,0,0,0,0,1,0,0,0,0,0,0,0,0,0,0,17
1,0.0,1248,0,0,0,0,0,1,0,0,0,0,0,0,0,0,0,0,0,0,0,0,0,18
2,0.000202,95,1,0,0,0,0,1,0,1,0,0,0,0,0,0,0,0,0,0,0,0,0,18
3,0.000404,1248,0,1,1,0,0,0,0,0,0,0,0,0,0,0,0,1,0,0,0,0,0,18
4,0.000236,137,1,1,0,0,0,0,1,0,0,0,0,0,0,0,0,0,0,0,0,0,0,18
5,0.000361,1248,0,1,1,0,0,0,0,0,0,0,0,0,0,0,0,1,0,0,0,0,0,18
6,0.001355,1248,1,1,1,0,1,0,0,0,1,0,0,0,0,0,0,2,0,0,0,0,0,18
7,6e-05,517,1,1,0,0,1,0,0,0,0,0,0,0,0,0,0,1,0,0,0,0,0,18
8,0.003591,1398,0,1,1,0,1,1,0,0,2,1,0,0,0,1,0,1,0,0,0,0,0,18
9,0.000633,556,1,0,0,0,0,1,0,0,1,0,0,0,0,1,0,1,1,1,0,19,1,18
10,5.7e-05,92,1,0,0,0,0,1,0,0,0,0,0,0,0,0,0,0,0,1,0,1,1,18
11,2e-05,92,1,0,0,0,0,1,0,0,0,0,0,0,0,0,0,0,0,1,0,1,1,18
12,1.9e-05,117,1,0,0,0,0,1,0,0,0,0,0,0,0,0,0,0,0,1,1,26,1,18
13,0.000108,91,0,0,0,0,0,1,0,0,1,0,0,0,0,0,0,0,0,0,0,0,0,18
14,0.000103,1398,0,0,0,0,0,1,0,0,0,1,0,1,0,0,0,0,0,0,0,0,0,18
15,0.000214,1441,1,0,0,0,0,1,0,0,0,0,0,0,0,0,0,0,0,0,0,0,0,18
16,0.000165,100,0,0,0,0,0,1,0,0,1,0,0,0,1,0,0,0,0,0,0,0,0,18
17,0.000188,91,1,0,0,0,0,1,0,0,1,0,0,0,0,0,0,0,0,0,0,0,0,18
18,0.000271,110,0,0,0,0,0,1,0,0,0,0,0,0,0,0,0,0,0,1,0,19,1,18
19,4.4e-05,92,0,0,0,0,0,1,0,0,0,0,0,0,0,0,0,0,0,1,0,1,1,18
20,1.4e-05,92,0,0,0,0,0,1,0,0,0,0,0,0,0,0,0,0,0,1,0,1,1,18
21,1.4e-05,163,0,0,0,0,0,1,0,0,0,0,0,0,0,0,0,0,0,1,1,72,1,18
22,1.7e-05,117,0,0,0,0,0,1,0,0,0,0,0,0,0,0,0,0,0,1,1,26,1,18
23,0.000349,211,1,0,0,0,0,1,0,0,1,0,0,0,0,0,0,0,0,1,1,115,1,18
24,0.000205,97,0,0,0,0,0,1,0,0,0,0,1,0,0,0,0,0,0,0,0,0,0,18
1,0.0,1248,0,0,0,0,0,1,0,0,0,0,0,0,0,0,0,0,0,0,0,0,0,19
2,0.000164,95,1,0,0,0,0,1,0,1,0,0,0,0,0,0,0,0,0,0,0,0,0,19
3,0.000291,1248,0,1,1,0,0,0,0,0,0,0,0,0,0,0,0,1,0,0,0,0,0,19
4,6.8e-05,137,1,1,0,0,0,0,1,0,0,0,0,0,0,0,0,0,0,0,0,0,0,19
5,0.000243,1248,0,1,1,0,0,0,0,0,0,0,0,0,0,0,0,1,0,0,0,0,0,19
6,0.001444,1248,1,1,1,0,1,0,0,0,1,0,0,0,0,0,0,2,0,0,0,0,0,19
7,5.4e-05,517,1,1,0,0,1,0,0,0,0,0,0,0,0,0,0,1,0,0,0,0,0,19
8,0.001667,1398,0,1,1,0,1,1,0,0,2,1,0,0,0,1,0,1,0,0,0,0,0,19
9,0.000515,556,1,0,0,0,0,1,0,0,1,0,0,0,0,1,0,1,1,1,0,19,1,19
10,6.9e-05,92,1,0,0,0,0,1,0,0,0,0,0,0,0,0,0,0,0,1,0,1,1,19
11,2.2e-05,92,1,0,0,0,0,1,0,0,0,0,0,0,0,0,0,0,0,1,0,1,1,19
12,2e-05,117,1,0,0,0,0,1,0,0,0,0,0,0,0,0,0,0,0,1,1,26,1,19
13,0.000109,91,0,0,0,0,0,1,0,0,1,0,0,0,0,0,0,0,0,0,0,0,0,19
14,0.000102,1398,0,0,0,0,0,1,0,0,0,1,0,1,0,0,0,0,0,0,0,0,0,19
15,0.000196,1441,1,0,0,0,0,1,0,0,0,0,0,0,0,0,0,0,0,0,0,0,0,19
16,0.000164,100,0,0,0,0,0,1,0,0,1,0,0,0,1,0,0,0,0,0,0,0,0,19
17,9.9e-05,91,1,0,0,0,0,1,0,0,1,0,0,0,0,0,0,0,0,0,0,0,0,19
18,0.000263,110,0,0,0,0,0,1,0,0,0,0,0,0,0,0,0,0,0,1,0,19,1,19
19,4.7e-05,92,0,0,0,0,0,1,0,0,0,0,0,0,0,0,0,0,0,1,0,1,1,19
20,1.7e-05,92,0,0,0,0,0,1,0,0,0,0,0,0,0,0,0,0,0,1,0,1,1,19
21,1.6e-05,163,0,0,0,0,0,1,0,0,0,0,0,0,0,0,0,0,0,1,1,72,1,19
22,1.8e-05,117,0,0,0,0,0,1,0,0,0,0,0,0,0,0,0,0,0,1,1,26,1,19
23,0.000308,211,1,0,0,0,0,1,0,0,1,0,0,0,0,0,0,0,0,1,1,115,1,19
24,0.000195,97,0,0,0,0,0,1,0,0,0,0,1,0,0,0,0,0,0,0,0,0,0,19
1,0.0,1248,0,0,0,0,0,1,0,0,0,0,0,0,0,0,0,0,0,0,0,0,0,2
2,0.000234,95,1,0,0,0,0,1,0,1,0,0,0,0,0,0,0,0,0,0,0,0,0,2
3,0.000362,1248,0,1,1,0,0,0,0,0,0,0,0,0,0,0,0,1,0,0,0,0,0,2
4,0.000191,137,1,1,0,0,0,0,1,0,0,0,0,0,0,0,0,0,0,0,0,0,0,2
5,0.000365,1248,0,1,1,0,0,0,0,0,0,0,0,0,0,0,0,1,0,0,0,0,0,2
6,0.001556,1248,1,1,1,0,1,0,0,0,1,0,0,0,0,0,0,2,0,0,0,0,0,2
7,6.1e-05,517,1,1,0,0,1,0,0,0,0,0,0,0,0,0,0,1,0,0,0,0,0,2
8,0.003878,1398,0,1,1,0,1,1,0,0,2,1,0,0,0,1,0,1,0,0,0,0,0,2
9,0.000675,556,1,0,0,0,0,1,0,0,1,0,0,0,0,1,0,1,1,1,0,19,1,2
10,6.6e-05,92,1,0,0,0,0,1,0,0,0,0,0,0,0,0,0,0,0,1,0,1,1,2
11,2.2e-05,92,1,0,0,0,0,1,0,0,0,0,0,0,0,0,0,0,0,1,0,1,1,2
12,2e-05,117,1,0,0,0,0,1,0,0,0,0,0,0,0,0,0,0,0,1,1,26,1,2
13,0.000157,91,0,0,0,0,0,1,0,0,1,0,0,0,0,0,0,0,0,0,0,0,0,2
14,0.000109,1398,0,0,0,0,0,1,0,0,0,1,0,1,0,0,0,0,0,0,0,0,0,2
15,0.000222,1441,1,0,0,0,0,1,0,0,0,0,0,0,0,0,0,0,0,0,0,0,0,2
16,0.000228,100,0,0,0,0,0,1,0,0,1,0,0,0,1,0,0,0,0,0,0,0,0,2
17,0.000163,91,1,0,0,0,0,1,0,0,1,0,0,0,0,0,0,0,0,0,0,0,0,2
18,0.000378,110,0,0,0,0,0,1,0,0,0,0,0,0,0,0,0,0,0,1,0,19,1,2
19,5.5e-05,92,0,0,0,0,0,1,0,0,0,0,0,0,0,0,0,0,0,1,0,1,1,2
20,2.3e-05,92,0,0,0,0,0,1,0,0,0,0,0,0,0,0,0,0,0,1,0,1,1,2
21,2.3e-05,163,0,0,0,0,0,1,0,0,0,0,0,0,0,0,0,0,0,1,1,72,1,2
22,1.9e-05,117,0,0,0,0,0,1,0,0,0,0,0,0,0,0,0,0,0,1,1,26,1,2
23,0.000407,211,1,0,0,0,0,1,0,0,1,0,0,0,0,0,0,0,0,1,1,115,1,2
24,0.000357,97,0,0,0,0,0,1,0,0,0,0,1,0,0,0,0,0,0,0,0,0,0,2
1,0.0,1248,0,0,0,0,0,1,0,0,0,0,0,0,0,0,0,0,0,0,0,0,0,20
2,0.000247,95,1,0,0,0,0,1,0,1,0,0,0,0,0,0,0,0,0,0,0,0,0,20
3,0.000342,1248,0,1,1,0,0,0,0,0,0,0,0,0,0,0,0,1,0,0,0,0,0,20
4,0.000177,137,1,1,0,0,0,0,1,0,0,0,0,0,0,0,0,0,0,0,0,0,0,20
5,0.000299,1248,0,1,1,0,0,0,0,0,0,0,0,0,0,0,0,1,0,0,0,0,0,20
6,0.001353,1248,1,1,1,0,1,0,0,0,1,0,0,0,0,0,0,2,0,0,0,0,0,20
7,5.4e-05,517,1,1,0,0,1,0,0,0,0,0,0,0,0,0,0,1,0,0,0,0,0,20
8,0.003899,1398,0,1,1,0,1,1,0,0,2,1,0,0,0,1,0,1,0,0,0,0,0,20
9,0.000724,556,1,0,0,0,0,1,0,0,1,0,0,0,0,1,0,1,1,1,0,19,1,20
10,5.9e-05,92,1,0,0,0,0,1,0,0,0,0,0,0,0,0,0,0,0,1,0,1,1,20
11,2e-05,92,1,0,0,0,0,1,0,0,0,0,0,0,0,0,0,0,0,1,0,1,1,20
12,1.8e-05,117,1,0,0,0,0,1,0,0,0,0,0,0,0,0,0,0,0,1,1,26,1,20
13,0.000213,91,0,0,0,0,0,1,0,0,1,0,0,0,0,0,0,0,0,0,0,0,0,20
14,0.000102,1398,0,0,0,0,0,1,0,0,0,1,0,1,0,0,0,0,0,0,0,0,0,20
15,0.000315,1441,1,0,0,0,0,1,0,0,0,0,0,0,0,0,0,0,0,0,0,0,0,20
16,0.000314,100,0,0,0,0,0,1,0,0,1,0,0,0,1,0,0,0,0,0,0,0,0,20
17,0.000193,91,1,0,0,0,0,1,0,0,1,0,0,0,0,0,0,0,0,0,0,0,0,20
18,0.000329,110,0,0,0,0,0,1,0,0,0,0,0,0,0,0,0,0,0,1,0,19,1,20
19,4.8e-05,92,0,0,0,0,0,1,0,0,0,0,0,0,0,0,0,0,0,1,0,1,1,20
20,1.5e-05,92,0,0,0,0,0,1,0,0,0,0,0,0,0,0,0,0,0,1,0,1,1,20
21,1.4e-05,163,0,0,0,0,0,1,0,0,0,0,0,0,0,0,0,0,0,1,1,72,1,20
22,1.7e-05,117,0,0,0,0,0,1,0,0,0,0,0,0,0,0,0,0,0,1,1,26,1,20
23,0.000422,211,1,0,0,0,0,1,0,0,1,0,0,0,0,0,0,0,0,1,1,115,1,20
24,0.000299,97,0,0,0,0,0,1,0,0,0,0,1,0,0,0,0,0,0,0,0,0,0,20
1,0.0,1248,0,0,0,0,0,1,0,0,0,0,0,0,0,0,0,0,0,0,0,0,0,21
2,0.000211,95,1,0,0,0,0,1,0,1,0,0,0,0,0,0,0,0,0,0,0,0,0,21
3,0.000386,1248,0,1,1,0,0,0,0,0,0,0,0,0,0,0,0,1,0,0,0,0,0,21
4,0.000112,137,1,1,0,0,0,0,1,0,0,0,0,0,0,0,0,0,0,0,0,0,0,21
5,0.000317,1248,0,1,1,0,0,0,0,0,0,0,0,0,0,0,0,1,0,0,0,0,0,21
6,0.001434,1248,1,1,1,0,1,0,0,0,1,0,0,0,0,0,0,2,0,0,0,0,0,21
7,7.9e-05,517,1,1,0,0,1,0,0,0,0,0,0,0,0,0,0,1,0,0,0,0,0,21
8,0.00293,1398,0,1,1,0,1,1,0,0,2,1,0,0,0,1,0,1,0,0,0,0,0,21
9,0.000787,556,1,0,0,0,0,1,0,0,1,0,0,0,0,1,0,1,1,1,0,19,1,21
10,6.5e-05,92,1,0,0,0,0,1,0,0,0,0,0,0,0,0,0,0,0,1,0,1,1,21
11,2.2e-05,92,1,0,0,0,0,1,0,0,0,0,0,0,0,0,0,0,0,1,0,1,1,21
12,2.1e-05,117,1,0,0,0,0,1,0,0,0,0,0,0,0,0,0,0,0,1,1,26,1,21
13,0.000203,91,0,0,0,0,0,1,0,0,1,0,0,0,0,0,0,0,0,0,0,0,0,21
14,0.000118,1398,0,0,0,0,0,1,0,0,0,1,0,1,0,0,0,0,0,0,0,0,0,21
15,0.000286,1441,1,0,0,0,0,1,0,0,0,0,0,0,0,0,0,0,0,0,0,0,0,21
16,0.000277,100,0,0,0,0,0,1,0,0,1,0,0,0,1,0,0,0,0,0,0,0,0,21
17,0.000254,91,1,0,0,0,0,1,0,0,1,0,0,0,0,0,0,0,0,0,0,0,0,21
18,0.000355,110,0,0,0,0,0,1,0,0,0,0,0,0,0,0,0,0,0,1,0,19,1,21
19,6.1e-05,92,0,0,0,0,0,1,0,0,0,0,0,0,0,0,0,0,0,1,0,1,1,21
20,1.7e-05,92,0,0,0,0,0,1,0,0,0,0,0,0,0,0,0,0,0,1,0,1,1,21
21,1.6e-05,163,0,0,0,0,0,1,0,0,0,0,0,0,0,0,0,0,0,1,1,72,1,21
22,1.9e-05,117,0,0,0,0,0,1,0,0,0,0,0,0,0,0,0,0,0,1,1,26,1,21
23,0.000532,211,1,0,0,0,0,1,0,0,1,0,0,0,0,0,0,0,0,1,1,115,1,21
24,0.00021,97,0,0,0,0,0,1,0,0,0,0,1,0,0,0,0,0,0,0,0,0,0,21
1,0.0,1248,0,0,0,0,0,1,0,0,0,0,0,0,0,0,0,0,0,0,0,0,0,22
2,0.000267,95,1,0,0,0,0,1,0,1,0,0,0,0,0,0,0,0,0,0,0,0,0,22
3,0.000337,1248,0,1,1,0,0,0,0,0,0,0,0,0,0,0,0,1,0,0,0,0,0,22
4,0.000176,137,1,1,0,0,0,0,1,0,0,0,0,0,0,0,0,0,0,0,0,0,0,22
5,0.000294,1248,0,1,1,0,0,0,0,0,0,0,0,0,0,0,0,1,0,0,0,0,0,22
6,0.002593,1248,1,1,1,0,1,0,0,0,1,0,0,0,0,0,0,2,0,0,0,0,0,22
7,4.8e-05,517,1,1,0,0,1,0,0,0,0,0,0,0,0,0,0,1,0,0,0,0,0,22
8,0.002818,1398,0,1,1,0,1,1,0,0,2,1,0,0,0,1,0,1,0,0,0,0,0,22
9,0.000581,556,1,0,0,0,0,1,0,0,1,0,0,0,0,1,0,1,1,1,0,19,1,22
10,7.3e-05,92,1,0,0,0,0,1,0,0,0,0,0,0,0,0,0,0,0,1,0,1,1,22
11,2.2e-05,92,1,0,0,0,0,1,0,0,0,0,0,0,0,0,0,0,0,1,0,1,1,22
12,2.8e-05,117,1,0,0,0,0,1,0,0,0,0,0,0,0,0,0,0,0,1,1,26,1,22
13,0.000271,91,0,0,0,0,0,1,0,0,1,0,0,0,0,0,0,0,0,0,0,0,0,22
14,0.000138,1398,0,0,0,0,0,1,0,0,0,1,0,1,0,0,0,0,0,0,0,0,0,22
15,0.00027,1441,1,0,0,0,0,1,0,0,0,0,0,0,0,0,0,0,0,0,0,0,0,22
16,0.000276,100,0,0,0,0,0,1,0,0,1,0,0,0,1,0,0,0,0,0,0,0,0,22
17,0.000224,91,1,0,0,0,0,1,0,0,1,0,0,0,0,0,0,0,0,0,0,0,0,22
18,0.000384,110,0,0,0,0,0,1,0,0,0,0,0,0,0,0,0,0,0,1,0,19,1,22
19,4.5e-05,92,0,0,0,0,0,1,0,0,0,0,0,0,0,0,0,0,0,1,0,1,1,22
20,1.8e-05,92,0,0,0,0,0,1,0,0,0,0,0,0,0,0,0,0,0,1,0,1,1,22
21,1.6e-05,163,0,0,0,0,0,1,0,0,0,0,0,0,0,0,0,0,0,1,1,72,1,22
22,1.8e-05,117,0,0,0,0,0,1,0,0,0,0,0,0,0,0,0,0,0,1,1,26,1,22
23,0.000453,211,1,0,0,0,0,1,0,0,1,0,0,0,0,0,0,0,0,1,1,115,1,22
24,0.000315,97,0,0,0,0,0,1,0,0,0,0,1,0,0,0,0,0,0,0,0,0,0,22
1,0.0,1248,0,0,0,0,0,1,0,0,0,0,0,0,0,0,0,0,0,0,0,0,0,23
2,0.00024,95,1,0,0,0,0,1,0,1,0,0,0,0,0,0,0,0,0,0,0,0,0,23
3,0.000361,1248,0,1,1,0,0,0,0,0,0,0,0,0,0,0,0,1,0,0,0,0,0,23
4,0.00016,137,1,1,0,0,0,0,1,0,0,0,0,0,0,0,0,0,0,0,0,0,0,23
5,0.000328,1248,0,1,1,0,0,0,0,0,0,0,0,0,0,0,0,1,0,0,0,0,0,23
6,0.001428,1248,1,1,1,0,1,0,0,0,1,0,0,0,0,0,0,2,0,0,0,0,0,23
7,4.1e-05,517,1,1,0,0,1,0,0,0,0,0,0,0,0,0,0,1,0,0,0,0,0,23
8,0.003205,1398,0,1,1,0,1,1,0,0,2,1,0,0,0,1,0,1,0,0,0,0,0,23
9,0.000501,556,1,0,0,0,0,1,0,0,1,0,0,0,0,1,0,1,1,1,0,19,1,23
10,8.1e-05,92,1,0,0,0,0,1,0,0,0,0,0,0,0,0,0,0,0,1,0,1,1,23
11,2.2e-05,92,1,0,0,0,0,1,0,0,0,0,0,0,0,0,0,0,0,1,0,1,1,23
12,2e-05,117,1,0,0,0,0,1,0,0,0,0,0,0,0,0,0,0,0,1,1,26,1,23
13,0.000201,91,0,0,0,0,0,1,0,0,1,0,0,0,0,0,0,0,0,0,0,0,0,23
14,9.5e-05,1398,0,0,0,0,0,1,0,0,0,1,0,1,0,0,0,0,0,0,0,0,0,23
15,0.000217,1441,1,0,0,0,0,1,0,0,0,0,0,0,0,0,0,0,0,0,0,0,0,23
16,0.000212,100,0,0,0,0,0,1,0,0,1,0,0,0,1,0,0,0,0,0,0,0,0,23
17,0.000157,91,1,0,0,0,0,1,0,0,1,0,0,0,0,0,0,0,0,0,0,0,0,23
18,0.000316,110,0,0,0,0,0,1,0,0,0,0,0,0,0,0,0,0,0,1,0,19,1,23
19,5e-05,92,0,0,0,0,0,1,0,0,0,0,0,0,0,0,0,0,0,1,0,1,1,23
20,1.5e-05,92,0,0,0,0,0,1,0,0,0,0,0,0,0,0,0,0,0,1,0,1,1,23
21,1.4e-05,163,0,0,0,0,0,1,0,0,0,0,0,0,0,0,0,0,0,1,1,72,1,23
22,1.7e-05,117,0,0,0,0,0,1,0,0,0,0,0,0,0,0,0,0,0,1,1,26,1,23
23,0.000408,211,1,0,0,0,0,1,0,0,1,0,0,0,0,0,0,0,0,1,1,115,1,23
24,0.000278,97,0,0,0,0,0,1,0,0,0,0,1,0,0,0,0,0,0,0,0,0,0,23
1,0.0,1248,0,0,0,0,0,1,0,0,0,0,0,0,0,0,0,0,0,0,0,0,0,24
2,0.000166,95,1,0,0,0,0,1,0,1,0,0,0,0,0,0,0,0,0,0,0,0,0,24
3,0.000392,1248,0,1,1,0,0,0,0,0,0,0,0,0,0,0,0,1,0,0,0,0,0,24
4,0.000183,137,1,1,0,0,0,0,1,0,0,0,0,0,0,0,0,0,0,0,0,0,0,24
5,0.000289,1248,0,1,1,0,0,0,0,0,0,0,0,0,0,0,0,1,0,0,0,0,0,24
6,0.00141,1248,1,1,1,0,1,0,0,0,1,0,0,0,0,0,0,2,0,0,0,0,0,24
7,5.1e-05,517,1,1,0,0,1,0,0,0,0,0,0,0,0,0,0,1,0,0,0,0,0,24
8,0.003062,1398,0,1,1,0,1,1,0,0,2,1,0,0,0,1,0,1,0,0,0,0,0,24
9,0.00054,556,1,0,0,0,0,1,0,0,1,0,0,0,0,1,0,1,1,1,0,19,1,24
10,6.3e-05,92,1,0,0,0,0,1,0,0,0,0,0,0,0,0,0,0,0,1,0,1,1,24
11,2.2e-05,92,1,0,0,0,0,1,0,0,0,0,0,0,0,0,0,0,0,1,0,1,1,24
12,2e-05,117,1,0,0,0,0,1,0,0,0,0,0,0,0,0,0,0,0,1,1,26,1,24
13,0.000203,91,0,0,0,0,0,1,0,0,1,0,0,0,0,0,0,0,0,0,0,0,0,24
14,0.000109,1398,0,0,0,0,0,1,0,0,0,1,0,1,0,0,0,0,0,0,0,0,0,24
15,0.000224,1441,1,0,0,0,0,1,0,0,0,0,0,0,0,0,0,0,0,0,0,0,0,24
16,0.000224,100,0,0,0,0,0,1,0,0,1,0,0,0,1,0,0,0,0,0,0,0,0,24
17,0.000172,91,1,0,0,0,0,1,0,0,1,0,0,0,0,0,0,0,0,0,0,0,0,24
18,0.000333,110,0,0,0,0,0,1,0,0,0,0,0,0,0,0,0,0,0,1,0,19,1,24
19,5.2e-05,92,0,0,0,0,0,1,0,0,0,0,0,0,0,0,0,0,0,1,0,1,1,24
20,1.6e-05,92,0,0,0,0,0,1,0,0,0,0,0,0,0,0,0,0,0,1,0,1,1,24
21,1.6e-05,163,0,0,0,0,0,1,0,0,0,0,0,0,0,0,0,0,0,1,1,72,1,24
22,1.8e-05,117,0,0,0,0,0,1,0,0,0,0,0,0,0,0,0,0,0,1,1,26,1,24
23,0.000359,211,1,0,0,0,0,1,0,0,1,0,0,0,0,0,0,0,0,1,1,115,1,24
24,0.000342,97,0,0,0,0,0,1,0,0,0,0,1,0,0,0,0,0,0,0,0,0,0,24
1,0.0,1248,0,0,0,0,0,1,0,0,0,0,0,0,0,0,0,0,0,0,0,0,0,25
2,0.000231,95,1,0,0,0,0,1,0,1,0,0,0,0,0,0,0,0,0,0,0,0,0,25
3,0.000352,1248,0,1,1,0,0,0,0,0,0,0,0,0,0,0,0,1,0,0,0,0,0,25
4,0.000173,137,1,1,0,0,0,0,1,0,0,0,0,0,0,0,0,0,0,0,0,0,0,25
5,0.000311,1248,0,1,1,0,0,0,0,0,0,0,0,0,0,0,0,1,0,0,0,0,0,25
6,0.001303,1248,1,1,1,0,1,0,0,0,1,0,0,0,0,0,0,2,0,0,0,0,0,25
7,5.5e-05,517,1,1,0,0,1,0,0,0,0,0,0,0,0,0,0,1,0,0,0,0,0,25
8,0.003441,1398,0,1,1,0,1,1,0,0,2,1,0,0,0,1,0,1,0,0,0,0,0,25
9,0.000645,556,1,0,0,0,0,1,0,0,1,0,0,0,0,1,0,1,1,1,0,19,1,25
10,7.7e-05,92,1,0,0,0,0,1,0,0,0,0,0,0,0,0,0,0,0,1,0,1,1,25
11,2.8e-05,92,1,0,0,0,0,1,0,0,0,0,0,0,0,0,0,0,0,1,0,1,1,25
12,2.7e-05,117,1,0,0,0,0,1,0,0,0,0,0,0,0,0,0,0,0,1,1,26,1,25
13,0.000107,91,0,0,0,0,0,1,0,0,1,0,0,0,0,0,0,0,0,0,0,0,0,25
14,0.000121,1398,0,0,0,0,0,1,0,0,0,1,0,1,0,0,0,0,0,0,0,0,0,25
15,0.000349,1441,1,0,0,0,0,1,0,0,0,0,0,0,0,0,0,0,0,0,0,0,0,25
16,0.000237,100,0,0,0,0,0,1,0,0,1,0,0,0,1,0,0,0,0,0,0,0,0,25
17,0.000256,91,1,0,0,0,0,1,0,0,1,0,0,0,0,0,0,0,0,0,0,0,0,25
18,0.000345,110,0,0,0,0,0,1,0,0,0,0,0,0,0,0,0,0,0,1,0,19,1,25
19,5.1e-05,92,0,0,0,0,0,1,0,0,0,0,0,0,0,0,0,0,0,1,0,1,1,25
20,1.7e-05,92,0,0,0,0,0,1,0,0,0,0,0,0,0,0,0,0,0,1,0,1,1,25
21,1.9e-05,163,0,0,0,0,0,1,0,0,0,0,0,0,0,0,0,0,0,1,1,72,1,25
22,4.1e-05,117,0,0,0,0,0,1,0,0,0,0,0,0,0,0,0,0,0,1,1,26,1,25
23,0.000413,211,1,0,0,0,0,1,0,0,1,0,0,0,0,0,0,0,0,1,1,115,1,25
24,0.000311,97,0,0,0,0,0,1,0,0,0,0,1,0,0,0,0,0,0,0,0,0,0,25
1,0.0,1248,0,0,0,0,0,1,0,0,0,0,0,0,0,0,0,0,0,0,0,0,0,26
2,0.000161,95,1,0,0,0,0,1,0,1,0,0,0,0,0,0,0,0,0,0,0,0,0,26
3,0.000331,1248,0,1,1,0,0,0,0,0,0,0,0,0,0,0,0,1,0,0,0,0,0,26
4,0.000158,137,1,1,0,0,0,0,1,0,0,0,0,0,0,0,0,0,0,0,0,0,0,26
5,0.000294,1248,0,1,1,0,0,0,0,0,0,0,0,0,0,0,0,1,0,0,0,0,0,26
6,0.001499,1248,1,1,1,0,1,0,0,0,1,0,0,0,0,0,0,2,0,0,0,0,0,26
7,4.5e-05,517,1,1,0,0,1,0,0,0,0,0,0,0,0,0,0,1,0,0,0,0,0,26
8,0.002689,1398,0,1,1,0,1,1,0,0,2,1,0,0,0,1,0,1,0,0,0,0,0,26
9,0.000745,556,1,0,0,0,0,1,0,0,1,0,0,0,0,1,0,1,1,1,0,19,1,26
10,7.1e-05,92,1,0,0,0,0,1,0,0,0,0,0,0,0,0,0,0,0,1,0,1,1,26
11,2.8e-05,92,1,0,0,0,0,1,0,0,0,0,0,0,0,0,0,0,0,1,0,1,1,26
12,2.5e-05,117,1,0,0,0,0,1,0,0,0,0,0,0,0,0,0,0,0,1,1,26,1,26
13,0.00016,91,0,0,0,0,0,1,0,0,1,0,0,0,0,0,0,0,0,0,0,0,0,26
14,0.000112,1398,0,0,0,0,0,1,0,0,0,1,0,1,0,0,0,0,0,0,0,0,0,26
15,0.000284,1441,1,0,0,0,0,1,0,0,0,0,0,0,0,0,0,0,0,0,0,0,0,26
16,0.000377,100,0,0,0,0,0,1,0,0,1,0,0,0,1,0,0,0,0,0,0,0,0,26
17,0.000207,91,1,0,0,0,0,1,0,0,1,0,0,0,0,0,0,0,0,0,0,0,0,26
18,0.000385,110,0,0,0,0,0,1,0,0,0,0,0,0,0,0,0,0,0,1,0,19,1,26
19,6.7e-05,92,0,0,0,0,0,1,0,0,0,0,0,0,0,0,0,0,0,1,0,1,1,26
20,1.7e-05,92,0,0,0,0,0,1,0,0,0,0,0,0,0,0,0,0,0,1,0,1,1,26
21,1.8e-05,163,0,0,0,0,0,1,0,0,0,0,0,0,0,0,0,0,0,1,1,72,1,26
22,2.7e-05,117,0,0,0,0,0,1,0,0,0,0,0,0,0,0,0,0,0,1,1,26,1,26
23,0.000528,211,1,0,0,0,0,1,0,0,1,0,0,0,0,0,0,0,0,1,1,115,1,26
24,0.000293,97,0,0,0,0,0,1,0,0,0,0,1,0,0,0,0,0,0,0,0,0,0,26
1,0.0,1248,0,0,0,0,0,1,0,0,0,0,0,0,0,0,0,0,0,0,0,0,0,27
2,0.00025,95,1,0,0,0,0,1,0,1,0,0,0,0,0,0,0,0,0,0,0,0,0,27
3,0.000347,1248,0,1,1,0,0,0,0,0,0,0,0,0,0,0,0,1,0,0,0,0,0,27
4,0.000193,137,1,1,0,0,0,0,1,0,0,0,0,0,0,0,0,0,0,0,0,0,0,27
5,0.000306,1248,0,1,1,0,0,0,0,0,0,0,0,0,0,0,0,1,0,0,0,0,0,27
6,0.001448,1248,1,1,1,0,1,0,0,0,1,0,0,0,0,0,0,2,0,0,0,0,0,27
7,5.8e-05,517,1,1,0,0,1,0,0,0,0,0,0,0,0,0,0,1,0,0,0,0,0,27
8,0.004237,1398,0,1,1,0,1,1,0,0,2,1,0,0,0,1,0,1,0,0,0,0,0,27
9,0.000897,556,1,0,0,0,0,1,0,0,1,0,0,0,0,1,0,1,1,1,0,19,1,27
10,0.000109,92,1,0,0,0,0,1,0,0,0,0,0,0,0,0,0,0,0,1,0,1,1,27
11,4.1e-05,92,1,0,0,0,0,1,0,0,0,0,0,0,0,0,0,0,0,1,0,1,1,27
12,3.8e-05,117,1,0,0,0,0,1,0,0,0,0,0,0,0,0,0,0,0,1,1,26,1,27
13,0.000294,91,0,0,0,0,0,1,0,0,1,0,0,0,0,0,0,0,0,0,0,0,0,27
14,0.000251,1398,0,0,0,0,0,1,0,0,0,1,0,1,0,0,0,0,0,0,0,0,0,27
15,0.000365,1441,1,0,0,0,0,1,0,0,0,0,0,0,0,0,0,0,0,0,0,0,0,27
16,0.000302,100,0,0,0,0,0,1,0,0,1,0,0,0,1,0,0,0,0,0,0,0,0,27
17,0.000171,91,1,0,0,0,0,1,0,0,1,0,0,0,0,0,0,0,0,0,0,0,0,27
18,0.000499,110,0,0,0,0,0,1,0,0,0,0,0,0,0,0,0,0,0,1,0,19,1,27
19,7.5e-05,92,0,0,0,0,0,1,0,0,0,0,0,0,0,0,0,0,0,1,0,1,1,27
20,1.5e-05,92,0,0,0,0,0,1,0,0,0,0,0,0,0,0,0,0,0,1,0,1,1,27
21,1.3e-05,163,0,0,0,0,0,1,0,0,0,0,0,0,0,0,0,0,0,1,1,72,1,27
22,1.6e-05,117,0,0,0,0,0,1,0,0,0,0,0,0,0,0,0,0,0,1,1,26,1,27
23,0.000454,211,1,0,0,0,0,1,0,0,1,0,0,0,0,0,0,0,0,1,1,115,1,27
24,0.0003,97,0,0,0,0,0,1,0,0,0,0,1,0,0,0,0,0,0,0,0,0,0,27
1,0.0,1248,0,0,0,0,0,1,0,0,0,0,0,0,0,0,0,0,0,0,0,0,0,28
2,0.000175,95,1,0,0,0,0,1,0,1,0,0,0,0,0,0,0,0,0,0,0,0,0,28
3,0.000399,1248,0,1,1,0,0,0,0,0,0,0,0,0,0,0,0,1,0,0,0,0,0,28
4,0.000218,137,1,1,0,0,0,0,1,0,0,0,0,0,0,0,0,0,0,0,0,0,0,28
5,0.000344,1248,0,1,1,0,0,0,0,0,0,0,0,0,0,0,0,1,0,0,0,0,0,28
6,0.001348,1248,1,1,1,0,1,0,0,0,1,0,0,0,0,0,0,2,0,0,0,0,0,28
7,5.1e-05,517,1,1,0,0,1,0,0,0,0,0,0,0,0,0,0,1,0,0,0,0,0,28
8,0.003513,1398,0,1,1,0,1,1,0,0,2,1,0,0,0,1,0,1,0,0,0,0,0,28
9,0.000619,556,1,0,0,0,0,1,0,0,1,0,0,0,0,1,0,1,1,1,0,19,1,28
10,5.7e-05,92,1,0,0,0,0,1,0,0,0,0,0,0,0,0,0,0,0,1,0,1,1,28
11,2.2e-05,92,1,0,0,0,0,1,0,0,0,0,0,0,0,0,0,0,0,1,0,1,1,28
12,2.1e-05,117,1,0,0,0,0,1,0,0,0,0,0,0,0,0,0,0,0,1,1,26,1,28
13,0.000198,91,0,0,0,0,0,1,0,0,1,0,0,0,0,0,0,0,0,0,0,0,0,28
14,0.000113,1398,0,0,0,0,0,1,0,0,0,1,0,1,0,0,0,0,0,0,0,0,0,28
15,0.000284,1441,1,0,0,0,0,1,0,0,0,0,0,0,0,0,0,0,0,0,0,0,0,28
16,0.000298,100,0,0,0,0,0,1,0,0,1,0,0,0,1,0,0,0,0,0,0,0,0,28
17,0.000174,91,1,0,0,0,0,1,0,0,1,0,0,0,0,0,0,0,0,0,0,0,0,28
18,0.000382,110,0,0,0,0,0,1,0,0,0,0,0,0,0,0,0,0,0,1,0,19,1,28
19,6.5e-05,92,0,0,0,0,0,1,0,0,0,0,0,0,0,0,0,0,0,1,0,1,1,28
20,1.7e-05,92,0,0,0,0,0,1,0,0,0,0,0,0,0,0,0,0,0,1,0,1,1,28
21,1.6e-05,163,0,0,0,0,0,1,0,0,0,0,0,0,0,0,0,0,0,1,1,72,1,28
22,1.8e-05,117,0,0,0,0,0,1,0,0,0,0,0,0,0,0,0,0,0,1,1,26,1,28
23,0.000445,211,1,0,0,0,0,1,0,0,1,0,0,0,0,0,0,0,0,1,1,115,1,28
24,0.000229,97,0,0,0,0,0,1,0,0,0,0,1,0,0,0,0,0,0,0,0,0,0,28
1,0.0,1248,0,0,0,0,0,1,0,0,0,0,0,0,0,0,0,0,0,0,0,0,0,29
2,0.00022,95,1,0,0,0,0,1,0,1,0,0,0,0,0,0,0,0,0,0,0,0,0,29
3,0.000347,1248,0,1,1,0,0,0,0,0,0,0,0,0,0,0,0,1,0,0,0,0,0,29
4,0.000179,137,1,1,0,0,0,0,1,0,0,0,0,0,0,0,0,0,0,0,0,0,0,29
5,0.000311,1248,0,1,1,0,0,0,0,0,0,0,0,0,0,0,0,1,0,0,0,0,0,29
6,0.001479,1248,1,1,1,0,1,0,0,0,1,0,0,0,0,0,0,2,0,0,0,0,0,29
7,8.4e-05,517,1,1,0,0,1,0,0,0,0,0,0,0,0,0,0,1,0,0,0,0,0,29
8,0.004204,1398,0,1,1,0,1,1,0,0,2,1,0,0,0,1,0,1,0,0,0,0,0,29
9,0.000876,556,1,0,0,0,0,1,0,0,1,0,0,0,0,1,0,1,1,1,0,19,1,29
10,7.8e-05,92,1,0,0,0,0,1,0,0,0,0,0,0,0,0,0,0,0,1,0,1,1,29
11,2.2e-05,92,1,0,0,0,0,1,0,0,0,0,0,0,0,0,0,0,0,1,0,1,1,29
12,2.1e-05,117,1,0,0,0,0,1,0,0,0,0,0,0,0,0,0,0,0,1,1,26,1,29
13,0.000275,91,0,0,0,0,0,1,0,0,1,0,0,0,0,0,0,0,0,0,0,0,0,29
14,0.000105,1398,0,0,0,0,0,1,0,0,0,1,0,1,0,0,0,0,0,0,0,0,0,29
15,0.000246,1441,1,0,0,0,0,1,0,0,0,0,0,0,0,0,0,0,0,0,0,0,0,29
16,0.000291,100,0,0,0,0,0,1,0,0,1,0,0,0,1,0,0,0,0,0,0,0,0,29
17,0.000164,91,1,0,0,0,0,1,0,0,1,0,0,0,0,0,0,0,0,0,0,0,0,29
18,0.000324,110,0,0,0,0,0,1,0,0,0,0,0,0,0,0,0,0,0,1,0,19,1,29
19,4.7e-05,92,0,0,0,0,0,1,0,0,0,0,0,0,0,0,0,0,0,1,0,1,1,29
20,1.7e-05,92,0,0,0,0,0,1,0,0,0,0,0,0,0,0,0,0,0,1,0,1,1,29
21,1.6e-05,163,0,0,0,0,0,1,0,0,0,0,0,0,0,0,0,0,0,1,1,72,1,29
22,1.8e-05,117,0,0,0,0,0,1,0,0,0,0,0,0,0,0,0,0,0,1,1,26,1,29
23,0.000412,211,1,0,0,0,0,1,0,0,1,0,0,0,0,0,0,0,0,1,1,115,1,29
24,0.000288,97,0,0,0,0,0,1,0,0,0,0,1,0,0,0,0,0,0,0,0,0,0,29
1,0.0,1248,0,0,0,0,0,1,0,0,0,0,0,0,0,0,0,0,0,0,0,0,0,3
2,0.000224,95,1,0,0,0,0,1,0,1,0,0,0,0,0,0,0,0,0,0,0,0,0,3
3,0.000352,1248,0,1,1,0,0,0,0,0,0,0,0,0,0,0,0,1,0,0,0,0,0,3
4,0.000191,137,1,1,0,0,0,0,1,0,0,0,0,0,0,0,0,0,0,0,0,0,0,3
5,0.00029,1248,0,1,1,0,0,0,0,0,0,0,0,0,0,0,0,1,0,0,0,0,0,3
6,0.001374,1248,1,1,1,0,1,0,0,0,1,0,0,0,0,0,0,2,0,0,0,0,0,3
7,5.2e-05,517,1,1,0,0,1,0,0,0,0,0,0,0,0,0,0,1,0,0,0,0,0,3
8,0.002377,1398,0,1,1,0,1,1,0,0,2,1,0,0,0,1,0,1,0,0,0,0,0,3
9,0.000686,556,1,0,0,0,0,1,0,0,1,0,0,0,0,1,0,1,1,1,0,19,1,3
10,8.5e-05,92,1,0,0,0,0,1,0,0,0,0,0,0,0,0,0,0,0,1,0,1,1,3
11,2.2e-05,92,1,0,0,0,0,1,0,0,0,0,0,0,0,0,0,0,0,1,0,1,1,3
12,2e-05,117,1,0,0,0,0,1,0,0,0,0,0,0,0,0,0,0,0,1,1,26,1,3
13,0.000231,91,0,0,0,0,0,1,0,0,1,0,0,0,0,0,0,0,0,0,0,0,0,3
14,0.000139,1398,0,0,0,0,0,1,0,0,0,1,0,1,0,0,0,0,0,0,0,0,0,3
15,0.000259,1441,1,0,0,0,0,1,0,0,0,0,0,0,0,0,0,0,0,0,0,0,0,3
16,0.000258,100,0,0,0,0,0,1,0,0,1,0,0,0,1,0,0,0,0,0,0,0,0,3
17,0.000201,91,1,0,0,0,0,1,0,0,1,0,0,0,0,0,0,0,0,0,0,0,0,3
18,0.000362,110,0,0,0,0,0,1,0,0,0,0,0,0,0,0,0,0,0,1,0,19,1,3
19,4.6e-05,92,0,0,0,0,0,1,0,0,0,0,0,0,0,0,0,0,0,1,0,1,1,3
20,1.6e-05,92,0,0,0,0,0,1,0,0,0,0,0,0,0,0,0,0,0,1,0,1,1,3
21,1.5e-05,163,0,0,0,0,0,1,0,0,0,0,0,0,0,0,0,0,0,1,1,72,1,3
22,1.8e-05,117,0,0,0,0,0,1,0,0,0,0,0,0,0,0,0,0,0,1,1,26,1,3
23,0.000408,211,1,0,0,0,0,1,0,0,1,0,0,0,0,0,0,0,0,1,1,115,1,3
24,0.000224,97,0,0,0,0,0,1,0,0,0,0,1,0,0,0,0,0,0,0,0,0,0,3
1,0.0,1248,0,0,0,0,0,1,0,0,0,0,0,0,0,0,0,0,0,0,0,0,0,30
2,0.000182,95,1,0,0,0,0,1,0,1,0,0,0,0,0,0,0,0,0,0,0,0,0,30
3,0.000399,1248,0,1,1,0,0,0,0,0,0,0,0,0,0,0,0,1,0,0,0,0,0,30
4,0.000127,137,1,1,0,0,0,0,1,0,0,0,0,0,0,0,0,0,0,0,0,0,0,30
5,0.000289,1248,0,1,1,0,0,0,0,0,0,0,0,0,0,0,0,1,0,0,0,0,0,30
6,0.001393,1248,1,1,1,0,1,0,0,0,1,0,0,0,0,0,0,2,0,0,0,0,0,30
7,5.2e-05,517,1,1,0,0,1,0,0,0,0,0,0,0,0,0,0,1,0,0,0,0,0,30
8,0.003295,1398,0,1,1,0,1,1,0,0,2,1,0,0,0,1,0,1,0,0,0,0,0,30
9,0.000701,556,1,0,0,0,0,1,0,0,1,0,0,0,0,1,0,1,1,1,0,19,1,30
10,8.4e-05,92,1,0,0,0,0,1,0,0,0,0,0,0,0,0,0,0,0,1,0,1,1,30
11,2.3e-05,92,1,0,0,0,0,1,0,0,0,0,0,0,0,0,0,0,0,1,0,1,1,30
12,3.1e-05,117,1,0,0,0,0,1,0,0,0,0,0,0,0,0,0,0,0,1,1,26,1,30
13,0.00023,91,0,0,0,0,0,1,0,0,1,0,0,0,0,0,0,0,0,0,0,0,0,30
14,0.000115,1398,0,0,0,0,0,1,0,0,0,1,0,1,0,0,0,0,0,0,0,0,0,30
15,0.00026,1441,1,0,0,0,0,1,0,0,0,0,0,0,0,0,0,0,0,0,0,0,0,30
16,0.000282,100,0,0,0,0,0,1,0,0,1,0,0,0,1,0,0,0,0,0,0,0,0,30
17,0.000162,91,1,0,0,0,0,1,0,0,1,0,0,0,0,0,0,0,0,0,0,0,0,30
18,0.000344,110,0,0,0,0,0,1,0,0,0,0,0,0,0,0,0,0,0,1,0,19,1,30
19,5.1e-05,92,0,0,0,0,0,1,0,0,0,0,0,0,0,0,0,0,0,1,0,1,1,30
20,1.6e-05,92,0,0,0,0,0,1,0,0,0,0,0,0,0,0,0,0,0,1,0,1,1,30
21,1.6e-05,163,0,0,0,0,0,1,0,0,0,0,0,0,0,0,0,0,0,1,1,72,1,30
22,1.7e-05,117,0,0,0,0,0,1,0,0,0,0,0,0,0,0,0,0,0,1,1,26,1,30
23,0.000423,211,1,0,0,0,0,1,0,0,1,0,0,0,0,0,0,0,0,1,1,115,1,30
24,0.000285,97,0,0,0,0,0,1,0,0,0,0,1,0,0,0,0,0,0,0,0,0,0,30
1,0.0,1248,0,0,0,0,0,1,0,0,0,0,0,0,0,0,0,0,0,0,0,0,0,4
2,0.00022,95,1,0,0,0,0,1,0,1,0,0,0,0,0,0,0,0,0,0,0,0,0,4
3,0.00035,1248,0,1,1,0,0,0,0,0,0,0,0,0,0,0,0,1,0,0,0,0,0,4
4,0.00019,137,1,1,0,0,0,0,1,0,0,0,0,0,0,0,0,0,0,0,0,0,0,4
5,0.000298,1248,0,1,1,0,0,0,0,0,0,0,0,0,0,0,0,1,0,0,0,0,0,4
6,0.001462,1248,1,1,1,0,1,0,0,0,1,0,0,0,0,0,0,2,0,0,0,0,0,4
7,5.9e-05,517,1,1,0,0,1,0,0,0,0,0,0,0,0,0,0,1,0,0,0,0,0,4
8,0.003465,1398,0,1,1,0,1,1,0,0,2,1,0,0,0,1,0,1,0,0,0,0,0,4
9,0.000569,556,1,0,0,0,0,1,0,0,1,0,0,0,0,1,0,1,1,1,0,19,1,4
10,7.4e-05,92,1,0,0,0,0,1,0,0,0,0,0,0,0,0,0,0,0,1,0,1,1,4
11,3e-05,92,1,0,0,0,0,1,0,0,0,0,0,0,0,0,0,0,0,1,0,1,1,4
12,2.8e-05,117,1,0,0,0,0,1,0,0,0,0,0,0,0,0,0,0,0,1,1,26,1,4
13,0.000117,91,0,0,0,0,0,1,0,0,1,0,0,0,0,0,0,0,0,0,0,0,0,4
14,0.000104,1398,0,0,0,0,0,1,0,0,0,1,0,1,0,0,0,0,0,0,0,0,0,4
15,0.000226,1441,1,0,0,0,0,1,0,0,0,0,0,0,0,0,0,0,0,0,0,0,0,4
16,0.000157,100,0,0,0,0,0,1,0,0,1,0,0,0,1,0,0,0,0,0,0,0,0,4
17,0.000151,91,1,0,0,0,0,1,0,0,1,0,0,0,0,0,0,0,0,0,0,0,0,4
18,0.000267,110,0,0,0,0,0,1,0,0,0,0,0,0,0,0,0,0,0,1,0,19,1,4
19,4.2e-05,92,0,0,0,0,0,1,0,0,0,0,0,0,0,0,0,0,0,1,0,1,1,4
20,1.4e-05,92,0,0,0,0,0,1,0,0,0,0,0,0,0,0,0,0,0,1,0,1,1,4
21,1.4e-05,163,0,0,0,0,0,1,0,0,0,0,0,0,0,0,0,0,0,1,1,72,1,4
22,1.6e-05,117,0,0,0,0,0,1,0,0,0,0,0,0,0,0,0,0,0,1,1,26,1,4
23,0.000348,211,1,0,0,0,0,1,0,0,1,0,0,0,0,0,0,0,0,1,1,115,1,4
24,0.00019,97,0,0,0,0,0,1,0,0,0,0,1,0,0,0,0,0,0,0,0,0,0,4
1,0.0,1248,0,0,0,0,0,1,0,0,0,0,0,0,0,0,0,0,0,0,0,0,0,5
2,0.000244,95,1,0,0,0,0,1,0,1,0,0,0,0,0,0,0,0,0,0,0,0,0,5
3,0.000353,1248,0,1,1,0,0,0,0,0,0,0,0,0,0,0,0,1,0,0,0,0,0,5
4,0.000166,137,1,1,0,0,0,0,1,0,0,0,0,0,0,0,0,0,0,0,0,0,0,5
5,0.0003,1248,0,1,1,0,0,0,0,0,0,0,0,0,0,0,0,1,0,0,0,0,0,5
6,0.001402,1248,1,1,1,0,1,0,0,0,1,0,0,0,0,0,0,2,0,0,0,0,0,5
7,5.2e-05,517,1,1,0,0,1,0,0,0,0,0,0,0,0,0,0,1,0,0,0,0,0,5
8,0.003955,1398,0,1,1,0,1,1,0,0,2,1,0,0,0,1,0,1,0,0,0,0,0,5
9,0.001051,556,1,0,0,0,0,1,0,0,1,0,0,0,0,1,0,1,1,1,0,19,1,5
10,5.4e-05,92,1,0,0,0,0,1,0,0,0,0,0,0,0,0,0,0,0,1,0,1,1,5
11,2e-05,92,1,0,0,0,0,1,0,0,0,0,0,0,0,0,0,0,0,1,0,1,1,5
12,1.8e-05,117,1,0,0,0,0,1,0,0,0,0,0,0,0,0,0,0,0,1,1,26,1,5
13,0.000249,91,0,0,0,0,0,1,0,0,1,0,0,0,0,0,0,0,0,0,0,0,0,5
14,0.000131,1398,0,0,0,0,0,1,0,0,0,1,0,1,0,0,0,0,0,0,0,0,0,5
15,0.000219,1441,1,0,0,0,0,1,0,0,0,0,0,0,0,0,0,0,0,0,0,0,0,5
16,0.000229,100,0,0,0,0,0,1,0,0,1,0,0,0,1,0,0,0,0,0,0,0,0,5
17,0.000157,91,1,0,0,0,0,1,0,0,1,0,0,0,0,0,0,0,0,0,0,0,0,5
18,0.000323,110,0,0,0,0,0,1,0,0,0,0,0,0,0,0,0,0,0,1,0,19,1,5
19,5e-05,92,0,0,0,0,0,1,0,0,0,0,0,0,0,0,0,0,0,1,0,1,1,5
20,1.8e-05,92,0,0,0,0,0,1,0,0,0,0,0,0,0,0,0,0,0,1,0,1,1,5
21,1.4e-05,163,0,0,0,0,0,1,0,0,0,0,0,0,0,0,0,0,0,1,1,72,1,5
22,1.6e-05,117,0,0,0,0,0,1,0,0,0,0,0,0,0,0,0,0,0,1,1,26,1,5
23,0.000406,211,1,0,0,0,0,1,0,0,1,0,0,0,0,0,0,0,0,1,1,115,1,5
24,0.000289,97,0,0,0,0,0,1,0,0,0,0,1,0,0,0,0,0,0,0,0,0,0,5
1,0.0,1248,0,0,0,0,0,1,0,0,0,0,0,0,0,0,0,0,0,0,0,0,0,6
2,0.000222,95,1,0,0,0,0,1,0,1,0,0,0,0,0,0,0,0,0,0,0,0,0,6
3,0.000431,1248,0,1,1,0,0,0,0,0,0,0,0,0,0,0,0,1,0,0,0,0,0,6
4,0.000179,137,1,1,0,0,0,0,1,0,0,0,0,0,0,0,0,0,0,0,0,0,0,6
5,0.000307,1248,0,1,1,0,0,0,0,0,0,0,0,0,0,0,0,1,0,0,0,0,0,6
6,0.001388,1248,1,1,1,0,1,0,0,0,1,0,0,0,0,0,0,2,0,0,0,0,0,6
7,5.8e-05,517,1,1,0,0,1,0,0,0,0,0,0,0,0,0,0,1,0,0,0,0,0,6
8,0.003119,1398,0,1,1,0,1,1,0,0,2,1,0,0,0,1,0,1,0,0,0,0,0,6
9,0.00054,556,1,0,0,0,0,1,0,0,1,0,0,0,0,1,0,1,1,1,0,19,1,6
10,5.7e-05,92,1,0,0,0,0,1,0,0,0,0,0,0,0,0,0,0,0,1,0,1,1,6
11,2e-05,92,1,0,0,0,0,1,0,0,0,0,0,0,0,0,0,0,0,1,0,1,1,6
12,1.8e-05,117,1,0,0,0,0,1,0,0,0,0,0,0,0,0,0,0,0,1,1,26,1,6
13,0.000193,91,0,0,0,0,0,1,0,0,1,0,0,0,0,0,0,0,0,0,0,0,0,6
14,9.8e-05,1398,0,0,0,0,0,1,0,0,0,1,0,1,0,0,0,0,0,0,0,0,0,6
15,0.000234,1441,1,0,0,0,0,1,0,0,0,0,0,0,0,0,0,0,0,0,0,0,0,6
16,0.00031,100,0,0,0,0,0,1,0,0,1,0,0,0,1,0,0,0,0,0,0,0,0,6
17,0.000181,91,1,0,0,0,0,1,0,0,1,0,0,0,0,0,0,0,0,0,0,0,0,6
18,0.000338,110,0,0,0,0,0,1,0,0,0,0,0,0,0,0,0,0,0,1,0,19,1,6
19,5.1e-05,92,0,0,0,0,0,1,0,0,0,0,0,0,0,0,0,0,0,1,0,1,1,6
20,1.7e-05,92,0,0,0,0,0,1,0,0,0,0,0,0,0,0,0,0,0,1,0,1,1,6
21,1.6e-05,163,0,0,0,0,0,1,0,0,0,0,0,0,0,0,0,0,0,1,1,72,1,6
22,1.8e-05,117,0,0,0,0,0,1,0,0,0,0,0,0,0,0,0,0,0,1,1,26,1,6
23,0.000448,211,1,0,0,0,0,1,0,0,1,0,0,0,0,0,0,0,0,1,1,115,1,6
24,0.000328,97,0,0,0,0,0,1,0,0,0,0,1,0,0,0,0,0,0,0,0,0,0,6
1,0.0,1248,0,0,0,0,0,1,0,0,0,0,0,0,0,0,0,0,0,0,0,0,0,7
2,0.00023,95,1,0,0,0,0,1,0,1,0,0,0,0,0,0,0,0,0,0,0,0,0,7
3,0.000415,1248,0,1,1,0,0,0,0,0,0,0,0,0,0,0,0,1,0,0,0,0,0,7
4,0.000172,137,1,1,0,0,0,0,1,0,0,0,0,0,0,0,0,0,0,0,0,0,0,7
5,0.00043,1248,0,1,1,0,0,0,0,0,0,0,0,0,0,0,0,1,0,0,0,0,0,7
6,0.001716,1248,1,1,1,0,1,0,0,0,1,0,0,0,0,0,0,2,0,0,0,0,0,7
7,6e-05,517,1,1,0,0,1,0,0,0,0,0,0,0,0,0,0,1,0,0,0,0,0,7
8,0.004048,1398,0,1,1,0,1,1,0,0,2,1,0,0,0,1,0,1,0,0,0,0,0,7
9,0.000552,556,1,0,0,0,0,1,0,0,1,0,0,0,0,1,0,1,1,1,0,19,1,7
10,5.3e-05,92,1,0,0,0,0,1,0,0,0,0,0,0,0,0,0,0,0,1,0,1,1,7
11,2e-05,92,1,0,0,0,0,1,0,0,0,0,0,0,0,0,0,0,0,1,0,1,1,7
12,1.8e-05,117,1,0,0,0,0,1,0,0,0,0,0,0,0,0,0,0,0,1,1,26,1,7
13,0.000176,91,0,0,0,0,0,1,0,0,1,0,0,0,0,0,0,0,0,0,0,0,0,7
14,0.000123,1398,0,0,0,0,0,1,0,0,0,1,0,1,0,0,0,0,0,0,0,0,0,7
15,0.00022,1441,1,0,0,0,0,1,0,0,0,0,0,0,0,0,0,0,0,0,0,0,0,7
16,0.000265,100,0,0,0,0,0,1,0,0,1,0,0,0,1,0,0,0,0,0,0,0,0,7
17,0.00016,91,1,0,0,0,0,1,0,0,1,0,0,0,0,0,0,0,0,0,0,0,0,7
18,0.000346,110,0,0,0,0,0,1,0,0,0,0,0,0,0,0,0,0,0,1,0,19,1,7
19,5.1e-05,92,0,0,0,0,0,1,0,0,0,0,0,0,0,0,0,0,0,1,0,1,1,7
20,1.7e-05,92,0,0,0,0,0,1,0,0,0,0,0,0,0,0,0,0,0,1,0,1,1,7
21,1.5e-05,163,0,0,0,0,0,1,0,0,0,0,0,0,0,0,0,0,0,1,1,72,1,7
22,1.8e-05,117,0,0,0,0,0,1,0,0,0,0,0,0,0,0,0,0,0,1,1,26,1,7
23,0.000382,211,1,0,0,0,0,1,0,0,1,0,0,0,0,0,0,0,0,1,1,115,1,7
24,0.000318,97,0,0,0,0,0,1,0,0,0,0,1,0,0,0,0,0,0,0,0,0,0,7
1,0.0,1248,0,0,0,0,0,1,0,0,0,0,0,0,0,0,0,0,0,0,0,0,0,8
2,0.000223,95,1,0,0,0,0,1,0,1,0,0,0,0,0,0,0,0,0,0,0,0,0,8
3,0.000337,1248,0,1,1,0,0,0,0,0,0,0,0,0,0,0,0,1,0,0,0,0,0,8
4,0.000175,137,1,1,0,0,0,0,1,0,0,0,0,0,0,0,0,0,0,0,0,0,0,8
5,0.000314,1248,0,1,1,0,0,0,0,0,0,0,0,0,0,0,0,1,0,0,0,0,0,8
6,0.001391,1248,1,1,1,0,1,0,0,0,1,0,0,0,0,0,0,2,0,0,0,0,0,8
7,5.2e-05,517,1,1,0,0,1,0,0,0,0,0,0,0,0,0,0,1,0,0,0,0,0,8
8,0.003026,1398,0,1,1,0,1,1,0,0,2,1,0,0,0,1,0,1,0,0,0,0,0,8
9,0.000562,556,1,0,0,0,0,1,0,0,1,0,0,0,0,1,0,1,1,1,0,19,1,8
10,6.1e-05,92,1,0,0,0,0,1,0,0,0,0,0,0,0,0,0,0,0,1,0,1,1,8
11,2.3e-05,92,1,0,0,0,0,1,0,0,0,0,0,0,0,0,0,0,0,1,0,1,1,8
12,2.1e-05,117,1,0,0,0,0,1,0,0,0,0,0,0,0,0,0,0,0,1,1,26,1,8
13,0.000143,91,0,0,0,0,0,1,0,0,1,0,0,0,0,0,0,0,0,0,0,0,0,8
14,0.00012,1398,0,0,0,0,0,1,0,0,0,1,0,1,0,0,0,0,0,0,0,0,0,8
15,0.000231,1441,1,0,0,0,0,1,0,0,0,0,0,0,0,0,0,0,0,0,0,0,0,8
16,0.000239,100,0,0,0,0,0,1,0,0,1,0,0,0,1,0,0,0,0,0,0,0,0,8
17,0.000165,91,1,0,0,0,0,1,0,0,1,0,0,0,0,0,0,0,0,0,0,0,0,8
18,0.000343,110,0,0,0,0,0,1,0,0,0,0,0,0,0,0,0,0,0,1,0,19,1,8
19,6.2e-05,92,0,0,0,0,0,1,0,0,0,0,0,0,0,0,0,0,0,1,0,1,1,8
20,1.7e-05,92,0,0,0,0,0,1,0,0,0,0,0,0,0,0,0,0,0,1,0,1,1,8
21,1.6e-05,163,0,0,0,0,0,1,0,0,0,0,0,0,0,0,0,0,0,1,1,72,1,8
22,1.9e-05,117,0,0,0,0,0,1,0,0,0,0,0,0,0,0,0,0,0,1,1,26,1,8
23,0.000401,211,1,0,0,0,0,1,0,0,1,0,0,0,0,0,0,0,0,1,1,115,1,8
24,0.000285,97,0,0,0,0,0,1,0,0,0,0,1,0,0,0,0,0,0,0,0,0,0,8
1,0.0,1248,0,0,0,0,0,1,0,0,0,0,0,0,0,0,0,0,0,0,0,0,0,9
2,0.000142,95,1,0,0,0,0,1,0,1,0,0,0,0,0,0,0,0,0,0,0,0,0,9
3,0.000302,1248,0,1,1,0,0,0,0,0,0,0,0,0,0,0,0,1,0,0,0,0,0,9
4,6.7e-05,137,1,1,0,0,0,0,1,0,0,0,0,0,0,0,0,0,0,0,0,0,0,9
5,0.000241,1248,0,1,1,0,0,0,0,0,0,0,0,0,0,0,0,1,0,0,0,0,0,9
6,0.001541,1248,1,1,1,0,1,0,0,0,1,0,0,0,0,0,0,2,0,0,0,0,0,9
7,0.000119,517,1,1,0,0,1,0,0,0,0,0,0,0,0,0,0,1,0,0,0,0,0,9
8,0.002585,1398,0,1,1,0,1,1,0,0,2,1,0,0,0,1,0,1,0,0,0,0,0,9
9,0.000661,556,1,0,0,0,0,1,0,0,1,0,0,0,0,1,0,1,1,1,0,19,1,9
10,6.6e-05,92,1,0,0,0,0,1,0,0,0,0,0,0,0,0,0,0,0,1,0,1,1,9
11,2.2e-05,92,1,0,0,0,0,1,0,0,0,0,0,0,0,0,0,0,0,1,0,1,1,9
12,2.1e-05,117,1,0,0,0,0,1,0,0,0,0,0,0,0,0,0,0,0,1,1,26,1,9
13,0.000107,91,0,0,0,0,0,1,0,0,1,0,0,0,0,0,0,0,0,0,0,0,0,9
14,0.000109,1398,0,0,0,0,0,1,0,0,0,1,0,1,0,0,0,0,0,0,0,0,0,9
15,0.000223,1441,1,0,0,0,0,1,0,0,0,0,0,0,0,0,0,0,0,0,0,0,0,9
16,0.000171,100,0,0,0,0,0,1,0,0,1,0,0,0,1,0,0,0,0,0,0,0,0,9
17,0.000113,91,1,0,0,0,0,1,0,0,1,0,0,0,0,0,0,0,0,0,0,0,0,9
18,0.000293,110,0,0,0,0,0,1,0,0,0,0,0,0,0,0,0,0,0,1,0,19,1,9
19,7.7e-05,92,0,0,0,0,0,1,0,0,0,0,0,0,0,0,0,0,0,1,0,1,1,9
20,2.4e-05,92,0,0,0,0,0,1,0,0,0,0,0,0,0,0,0,0,0,1,0,1,1,9
21,2.3e-05,163,0,0,0,0,0,1,0,0,0,0,0,0,0,0,0,0,0,1,1,72,1,9
22,2.7e-05,117,0,0,0,0,0,1,0,0,0,0,0,0,0,0,0,0,0,1,1,26,1,9
23,0.000386,211,1,0,0,0,0,1,0,0,1,0,0,0,0,0,0,0,0,1,1,115,1,9
24,0.000206,97,0,0,0,0,0,1,0,0,0,0,1,0,0,0,0,0,0,0,0,0,0,9
